TICKER,YEAR,QUARTER,AVG_FINBERT_NEGATIVE
ACGL,2007,Q4,0.08060912463975989
ACGL,2008,Q1,0.08463097702373158
ACGL,2008,Q2,0.2798318142692248
ACGL,2008,Q3,0.1247547359570213
ACGL,2008,Q4,0.17449752520769835
ACGL,2009,Q1,0.18425452488440056
ACGL,2009,Q2,0.05729305180343422
ACGL,2009,Q3,0.04917808294296264
ACGL,2009,Q4,0.31500902874716397
ACGL,2010,Q1,0.10432978687079056
ACGL,2010,Q2,0.07656458906225257
ACGL,2010,Q3,0.1846334868007236
ACGL,2010,Q4,0.08689225859501783
ACGL,2011,Q1,0.22436987794935703
ACGL,2011,Q2,0.09416689057099192
ACGL,2011,Q3,0.1595940521130195
ACGL,2011,Q4,0.20192152976989747
ACGL,2012,Q1,0.09391593108785913
ACGL,2012,Q2,0.07891059666872025
ACGL,2012,Q3,0.14525443459710768
ACGL,2012,Q4,0.1662067017134498
ACGL,2013,Q1,0.12013935270132842
ACGL,2013,Q2,0.1885313635522669
ACGL,2013,Q3,0.05322660620395954
ACGL,2013,Q4,0.12487794991050448
ACGL,2014,Q1,0.08076924085617065
ACGL,2014,Q2,0.16116255521774292
ACGL,2014,Q3,0.14552606228325102
ACGL,2014,Q4,0.12164941478948124
ACGL,2015,Q1,0.1529092671293201
ACGL,2015,Q2,0.18113214123076288
ACGL,2015,Q3,0.14104249328374863
ACGL,2015,Q4,0.21622107112616823
ACGL,2016,Q1,0.13710983507875082
ACGL,2016,Q2,0.25579906821250914
ACGL,2016,Q3,0.0967556219547987
ACGL,2016,Q4,0.17649213543960027
ACGL,2017,Q1,0.20017680876395283
ACGL,2017,Q2,0.1786967227535863
ACGL,2017,Q3,0.22218141827402235
ACGL,2017,Q4,0.2207749067468846
ACGL,2018,Q1,0.14319980475637648
ACGL,2018,Q2,0.28279316052794456
ACGL,2018,Q3,0.19006937512984642
ACGL,2018,Q4,0.14260586920906515
ACGL,2019,Q1,0.2372004304613386
ACGL,2019,Q2,0.1994483002594539
ACGL,2019,Q3,0.20546011482515641
ACGL,2019,Q4,0.1537715438249949
ACGL,2020,Q1,0.14424609884302667
ACGL,2020,Q2,0.14504729829183438
ACGL,2020,Q3,0.13495220541954042
ACGL,2020,Q4,0.1641756534576416
ACGL,2021,Q1,0.18104411164919534
ACGL,2021,Q2,0.07137608187539236
ACGL,2021,Q3,0.07321774694654677
ACGL,2021,Q4,0.03684694528579712
ACGL,2022,Q1,0.11581187563783982
ACGL,2022,Q2,0.19694053209744966
ACGL,2022,Q3,0.04544276850564139
ACGL,2022,Q4,0.044733655758393116
ACGL,2023,Q1,0.0321206720102401
ACGL,2023,Q2,0.10003209114074707
ACGL,2023,Q3,0.05158486008644104
ACGL,2023,Q4,0.0823290960656272
ACGL,2024,Q1,0.11787730769107216
ACGL,2024,Q2,0.06424783170223236
ACGL,2024,Q3,0.1646191727283389
AFG,2007,Q3,0.5737386107444763
AFG,2007,Q4,0.2668066450527736
AFG,2008,Q1,0.1437127192815145
AFG,2008,Q2,0.3335939310491085
AFG,2008,Q3,0.318909921429374
AFG,2008,Q4,0.5384345889091492
AFG,2009,Q1,0.44372743368148804
AFG,2009,Q2,0.29700331687927245
AFG,2009,Q3,0.3824496439525059
AFG,2009,Q4,0.3962756892045339
AFG,2010,Q1,0.52656432560512
AFG,2010,Q3,0.1485528846581777
AFG,2010,Q4,0.6921127960085869
AFG,2011,Q1,0.2565709480217525
AFG,2011,Q2,0.2739338783117441
AFG,2011,Q3,0.5413182725509008
AFG,2011,Q4,0.2733483182059394
AFG,2012,Q1,0.09871853142976761
AFG,2012,Q2,0.14086228940221998
AFG,2012,Q3,0.053191142923691696
AFG,2012,Q4,0.2971946100393931
AFG,2013,Q1,0.3994172896657671
AFG,2013,Q2,0.5200749418952249
AFG,2013,Q3,0.17429587474236122
AFG,2013,Q4,0.320374459028244
AFG,2014,Q1,0.15562478520653464
AFG,2014,Q2,0.0
AFG,2014,Q3,0.1017669066786766
AFG,2014,Q4,0.2973966428211757
AFG,2015,Q2,0.0
AFG,2015,Q3,0.0
AFG,2015,Q4,0.0
AFG,2016,Q1,0.2424616664648056
AFG,2016,Q2,0.3737408876419067
AFG,2016,Q3,0.24439640228564924
AFG,2016,Q4,0.5476917794772557
AFG,2017,Q1,0.3812172174453735
AFG,2017,Q2,0.4578144225207242
AFG,2017,Q3,0.2108694974516259
AFG,2017,Q4,0.3207416842723715
AFG,2018,Q1,0.2038333645233741
AFG,2018,Q2,0.2770929088195165
AFG,2018,Q3,0.14363867044448853
AFG,2018,Q4,0.32185177008310956
AFG,2019,Q1,0.21211173137029013
AFG,2019,Q2,0.3614234603368319
AFG,2019,Q3,0.2907737995448865
AFG,2019,Q4,0.21854112616607121
AFG,2020,Q1,0.19927655733548677
AFG,2020,Q2,0.31699281389063055
AFG,2020,Q3,0.12797033375707165
AFG,2020,Q4,0.12903021574020385
AFG,2021,Q1,0.5831415699078486
AFG,2021,Q2,0.23949564496676126
AFG,2021,Q3,0.3696747700373332
AFG,2021,Q4,0.14077147403184107
AFG,2022,Q1,0.372137188911438
AFG,2022,Q2,0.27147336648060727
AFG,2022,Q3,0.3696747700373332
AFG,2022,Q4,0.14077147403184107
AFG,2023,Q1,0.18853972576282643
AFG,2023,Q2,0.16143130191734859
AFG,2023,Q3,0.12912316620349884
AFG,2023,Q4,0.08025545544094509
AFG,2024,Q1,0.05532721226865595
AFG,2024,Q2,0.06669114589691162
AFG,2024,Q3,0.20070458833987898
AFL,2008,Q1,0.0
AFL,2008,Q2,0.0
AFL,2008,Q3,0.0744683971771827
AFL,2009,Q2,0.0
AFL,2009,Q3,0.0
AFL,2009,Q4,0.0
AFL,2010,Q1,0.0
AFL,2010,Q2,0.0
AFL,2010,Q4,0.0
AFL,2011,Q1,0.16974184910456339
AFL,2011,Q2,0.0
AFL,2011,Q3,0.2594648480415344
AFL,2011,Q4,0.0
AFL,2012,Q1,0.0
AFL,2012,Q2,0.0
AFL,2012,Q4,0.0
AFL,2013,Q1,0.0
AFL,2013,Q2,0.0
AFL,2013,Q3,0.025311872363090515
AFL,2013,Q4,0.0
AFL,2014,Q1,0.13704574959618704
AFL,2014,Q2,0.07025302946567535
AFL,2014,Q3,0.062168734414236884
AFL,2014,Q4,0.0
AFL,2015,Q1,0.0279870892272276
AFL,2015,Q2,0.0
AFL,2015,Q3,0.0
AFL,2015,Q4,0.0
AFL,2016,Q1,0.03821410151088939
AFL,2016,Q2,0.0
AFL,2016,Q4,0.0
AFL,2017,Q1,0.0
AFL,2017,Q2,0.0
AFL,2017,Q3,0.05948225089481899
AFL,2017,Q4,0.0
AFL,2018,Q3,0.13910238146781922
AFL,2018,Q4,0.0
AFL,2019,Q3,0.0
AFL,2020,Q1,0.0
AFL,2020,Q2,0.11828097701072693
AFL,2021,Q1,0.0
AFL,2022,Q1,0.0
AFL,2022,Q2,0.0
AFL,2022,Q3,0.7971439361572266
AFL,2023,Q1,0.0
AFL,2023,Q2,0.29150054454803465
AFL,2023,Q3,0.3643328621983528
AFL,2023,Q4,0.38745412429173787
AFL,2024,Q1,0.468838095664978
AFL,2024,Q2,0.32452107469240826
AFL,2024,Q3,0.1214727684855461
AIG,2007,Q2,0.104357467757331
AIG,2007,Q4,0.2116014315531804
AIG,2008,Q1,0.1728844940662384
AIG,2008,Q3,0.24830501729791815
AIG,2008,Q4,0.3862544000148773
AIG,2010,Q3,0.0
AIG,2010,Q4,0.3765428198708428
AIG,2011,Q1,0.5694071531295777
AIG,2011,Q2,0.5834464192390442
AIG,2011,Q3,0.47965800099902683
AIG,2011,Q4,0.07469799885383019
AIG,2012,Q1,0.14762085676193237
AIG,2012,Q2,0.17796330899000168
AIG,2012,Q3,0.1167035722732544
AIG,2012,Q4,0.041077109483572155
AIG,2013,Q1,0.034899426134009114
AIG,2013,Q2,0.0937754982396176
AIG,2013,Q3,0.5163406252861023
AIG,2013,Q4,0.0
AIG,2014,Q1,0.0
AIG,2014,Q2,0.10486215353012085
AIG,2014,Q3,0.0
AIG,2014,Q4,0.12111233919858932
AIG,2015,Q1,0.0959240992863973
AIG,2015,Q2,0.0
AIG,2015,Q3,0.3616923317313194
AIG,2015,Q4,0.061529465411838735
AIG,2016,Q1,0.11251396670633433
AIG,2016,Q2,0.14198837300826764
AIG,2016,Q3,0.13076201329628626
AIG,2016,Q4,0.13214984077673692
AIG,2017,Q1,0.23871309757232667
AIG,2017,Q2,0.10351661592721939
AIG,2017,Q3,0.14809649288654328
AIG,2017,Q4,0.1614067471689648
AIG,2018,Q1,0.22820821404457092
AIG,2018,Q2,0.14719208290702418
AIG,2018,Q3,0.15823733022338465
AIG,2018,Q4,0.1974452817440033
AIG,2019,Q1,0.05075399613961941
AIG,2019,Q2,0.15563185016314188
AIG,2019,Q3,0.1329828143119812
AIG,2019,Q4,0.13521824864780202
AIG,2020,Q1,0.1210956137095179
AIG,2020,Q2,0.189475721434543
AIG,2020,Q3,0.24275668923343932
AIG,2020,Q4,0.06670531740895023
AIG,2021,Q1,0.14778011043866476
AIG,2021,Q2,0.04345630244775252
AIG,2021,Q3,0.14322585393400752
AIG,2021,Q4,0.13406381536932552
AIG,2022,Q1,0.0708278461738869
AIG,2022,Q2,0.35049223303794863
AIG,2022,Q3,0.2522935211658478
AIG,2022,Q4,0.166623626436506
AIG,2023,Q1,0.22871658435234657
AIG,2023,Q2,0.16237261382544912
AIG,2023,Q3,0.0971717225468677
AIG,2023,Q4,0.059318766329023574
AIG,2024,Q1,0.18077030913396316
AIG,2024,Q2,0.15904159302061255
AIG,2024,Q3,0.23137867173483206
AIZ,2007,Q4,0.43359899520874023
AIZ,2008,Q1,0.04084969229168362
AIZ,2008,Q2,0.06556026140848796
AIZ,2008,Q3,0.14248253547009967
AIZ,2008,Q4,0.36287992275678194
AIZ,2009,Q1,0.1763162071054632
AIZ,2009,Q3,0.4146969062941416
AIZ,2009,Q4,0.28151045476689057
AIZ,2010,Q1,0.06571339236365424
AIZ,2010,Q2,0.0749657154083252
AIZ,2011,Q1,0.3131904818794944
AIZ,2011,Q2,0.3085294040766629
AIZ,2011,Q3,0.2800680100917816
AIZ,2011,Q4,0.059271395206451416
AIZ,2012,Q1,0.0
AIZ,2012,Q2,0.1391518541744777
AIZ,2012,Q3,0.161190303042531
AIZ,2012,Q4,0.11069881916046143
AIZ,2013,Q1,0.0
AIZ,2013,Q2,0.07199518084526062
AIZ,2013,Q3,0.0
AIZ,2013,Q4,0.22037616601357093
AIZ,2014,Q1,0.24375468492507935
AIZ,2014,Q2,0.2670418803508465
AIZ,2014,Q3,0.0
AIZ,2014,Q4,0.1874514639377594
AIZ,2015,Q1,0.0
AIZ,2015,Q2,0.17445029815038046
AIZ,2015,Q3,0.0
AIZ,2015,Q4,0.2205649455388387
AIZ,2016,Q1,0.17705172300338745
AIZ,2016,Q2,0.38542744517326355
AIZ,2016,Q3,0.2570532743747418
AIZ,2016,Q4,0.07476133108139038
AIZ,2017,Q1,0.49515117406845094
AIZ,2017,Q2,0.3158863719020571
AIZ,2017,Q3,0.745478648206462
AIZ,2017,Q4,0.2500952672958374
AIZ,2018,Q1,0.33240020937389797
AIZ,2018,Q2,0.0
AIZ,2018,Q3,0.261870379447937
AIZ,2018,Q4,0.19550999502340952
AIZ,2019,Q1,0.14251283957408026
AIZ,2019,Q2,0.255071772978856
AIZ,2019,Q3,0.16008293628692627
AIZ,2019,Q4,0.09541707529741175
AIZ,2020,Q1,0.0
AIZ,2020,Q2,0.0
AIZ,2020,Q3,0.1987641313496758
AIZ,2020,Q4,0.22639364376664162
AIZ,2021,Q1,0.07444628385397105
AIZ,2021,Q2,0.0865374207496643
AIZ,2021,Q3,0.1383016279765538
AIZ,2021,Q4,0.15447092718548244
AIZ,2022,Q1,0.23555580973625184
AIZ,2022,Q2,0.4561434030532837
AIZ,2022,Q3,0.22736854669524403
AIZ,2022,Q4,0.18548174699147543
AIZ,2023,Q1,0.12205438688397408
AIZ,2023,Q2,0.05869585892249798
AIZ,2023,Q3,0.09822479724884033
AIZ,2023,Q4,0.12553218007087708
AIZ,2024,Q1,0.09149873256683348
AIZ,2024,Q2,0.1325715212594895
AIZ,2024,Q3,0.0
ALIZY,2007,Q1,0.0
ALIZY,2007,Q2,0.0
ALIZY,2007,Q3,0.0
ALIZY,2008,Q3,0.18556323647499084
ALIZY,2009,Q1,0.05044158920645714
ALIZY,2009,Q3,0.14973099231719972
ALIZY,2010,Q1,0.17205755985700166
ALIZY,2010,Q3,0.04012480626503626
ALIZY,2010,Q4,0.060661138399787574
ALIZY,2011,Q1,0.06464070217175917
ALIZY,2011,Q2,0.0640013058980306
ALIZY,2011,Q3,0.12829787731170655
ALIZY,2011,Q4,0.10368762845578401
ALIZY,2012,Q1,0.1873316287994385
ALIZY,2012,Q2,0.3766787780655755
ALIZY,2012,Q3,0.18590826988220216
ALIZY,2012,Q4,0.12633661925792694
ALIZY,2013,Q1,0.12232516918863569
ALIZY,2013,Q2,0.1763034348304455
ALIZY,2013,Q3,0.0804054807214176
ALIZY,2013,Q4,0.0
ALIZY,2014,Q1,0.0
ALIZY,2014,Q2,0.0
ALIZY,2014,Q3,0.0
ALIZY,2014,Q4,0.0
ALIZY,2015,Q1,0.19179124832153321
ALIZY,2015,Q2,0.0
ALIZY,2015,Q3,0.0
ALIZY,2015,Q4,0.06544174139316265
ALIZY,2016,Q1,0.0
ALIZY,2016,Q2,0.0398987577511714
ALIZY,2016,Q3,0.0
ALIZY,2016,Q4,0.0
ALIZY,2017,Q1,0.0
ALIZY,2017,Q2,0.0
ALIZY,2017,Q3,0.13169124180620367
ALIZY,2017,Q4,0.2050775408744812
ALIZY,2018,Q1,0.06658491161134508
ALIZY,2018,Q2,0.10684206336736679
ALIZY,2018,Q3,0.02991276979446411
ALIZY,2018,Q4,0.0
ALIZY,2019,Q1,0.0
ALIZY,2019,Q2,0.039441704750061035
ALIZY,2019,Q3,0.16612083911895753
ALIZY,2019,Q4,0.11913381417592367
ALIZY,2020,Q1,0.13358534044689602
ALIZY,2020,Q2,0.0
ALIZY,2020,Q3,0.11039045878819057
ALIZY,2020,Q4,0.0
ALIZY,2021,Q1,0.18047824170854357
ALIZY,2021,Q2,0.05749849172738882
ALIZY,2021,Q3,0.0
ALIZY,2021,Q4,0.06484239038668181
ALIZY,2022,Q1,0.037292615363472385
ALIZY,2022,Q2,0.0
ALIZY,2022,Q3,0.13765963782434879
ALIZY,2022,Q4,0.0523222287495931
ALIZY,2023,Q1,0.0
ALIZY,2023,Q2,0.0
ALIZY,2023,Q3,0.15246209502220154
ALIZY,2023,Q4,0.11608098234449114
ALIZY,2024,Q1,0.32593171085630146
ALIZY,2024,Q2,0.09048909407395583
ALIZY,2024,Q3,0.08625460212880914
ALL,2007,Q2,0.12700482368469238
ALL,2007,Q3,0.34054164787133534
ALL,2007,Q4,0.08605873058823978
ALL,2008,Q1,0.24239461731027673
ALL,2008,Q2,0.18937989473342892
ALL,2008,Q4,0.1882557407502205
ALL,2009,Q1,0.21674908259335687
ALL,2010,Q1,0.43821658359633553
ALL,2010,Q2,0.21992036451896033
ALL,2010,Q3,0.2709911371532239
ALL,2010,Q4,0.27200031631133137
ALL,2011,Q1,0.06022151439420639
ALL,2011,Q2,0.15307124455769858
ALL,2011,Q3,0.14622717102368674
ALL,2011,Q4,0.19161836355924605
ALL,2012,Q1,0.1756334900856018
ALL,2012,Q2,0.05739182233810425
ALL,2012,Q3,0.11729773565342552
ALL,2012,Q4,0.10460560851626925
ALL,2013,Q1,0.25889965365914736
ALL,2013,Q2,0.0574374093728907
ALL,2013,Q3,0.24347367137670517
ALL,2013,Q4,0.10784683749079704
ALL,2014,Q1,0.3811979038374765
ALL,2014,Q2,0.2573164655612065
ALL,2014,Q3,0.09669571816921234
ALL,2014,Q4,0.2078313926855723
ALL,2015,Q1,0.1504017158790871
ALL,2015,Q2,0.2068494657675425
ALL,2015,Q3,0.22195993936978853
ALL,2015,Q4,0.08611027683530535
ALL,2016,Q1,0.1947431755065918
ALL,2016,Q2,0.2953744928042094
ALL,2016,Q3,0.22389666473164277
ALL,2016,Q4,0.1156266899335952
ALL,2017,Q1,0.3268726605635423
ALL,2017,Q2,0.10115274361201695
ALL,2017,Q3,0.028227212528387707
ALL,2017,Q4,0.47820818424224854
ALL,2018,Q1,0.12826506449626043
ALL,2018,Q2,0.09693780541419983
ALL,2018,Q3,0.11734090401576115
ALL,2018,Q4,0.0420477032661438
ALL,2019,Q1,0.0794841746489207
ALL,2019,Q2,0.22172908272062028
ALL,2019,Q3,0.1647089123725891
ALL,2019,Q4,0.0
ALL,2020,Q1,0.1257802898233587
ALL,2020,Q2,0.0
ALL,2020,Q3,0.2984982453859769
ALL,2020,Q4,0.0
ALL,2021,Q1,0.1012108746696921
ALL,2021,Q2,0.0
ALL,2021,Q3,0.210488224029541
ALL,2021,Q4,0.04326364025473595
ALL,2022,Q1,0.0
ALL,2022,Q2,0.08160651061269972
ALL,2022,Q3,0.24465353380550037
ALL,2022,Q4,0.12300588786602021
ALL,2023,Q1,0.17977426052093506
ALL,2023,Q2,0.1653372198343277
ALL,2023,Q3,0.22777054638698183
ALL,2023,Q4,0.29882119731469586
ALL,2024,Q1,0.0470606654882431
ALL,2024,Q2,0.1305523387023381
ALL,2024,Q3,0.11960838522229876
APO,2011,Q2,0.08526827530427412
APO,2011,Q3,0.07465936740239461
APO,2011,Q4,0.11878237979752677
APO,2012,Q1,0.17454329878091812
APO,2012,Q2,0.18214149475097657
APO,2012,Q3,0.0
APO,2012,Q4,0.0
APO,2013,Q1,0.0
APO,2013,Q2,0.0
APO,2013,Q3,0.10372413056237358
APO,2014,Q1,0.0
APO,2014,Q2,0.0
APO,2014,Q3,0.0
APO,2015,Q1,0.0
APO,2015,Q2,0.0
APO,2015,Q3,0.08515992429521349
APO,2015,Q4,0.0
APO,2016,Q2,0.0
APO,2016,Q3,0.0
APO,2016,Q4,0.0
APO,2017,Q2,0.0
APO,2017,Q3,0.564716637134552
APO,2017,Q4,0.0
APO,2018,Q1,0.0
APO,2018,Q2,0.0
APO,2018,Q4,0.0
APO,2019,Q1,0.0
APO,2019,Q3,0.0
APO,2020,Q1,0.13261537551879882
APO,2020,Q2,0.07295554876327515
APO,2020,Q4,0.0
APO,2021,Q1,0.0
APO,2021,Q2,0.0
APO,2021,Q3,0.0
APO,2021,Q4,0.0
APO,2022,Q1,0.12132947146892548
APO,2022,Q2,0.0
APO,2022,Q3,0.0
APO,2022,Q4,0.18803247809410095
APO,2023,Q1,0.061120198832617864
APO,2023,Q2,0.0
APO,2023,Q3,0.0
APO,2024,Q1,0.0
APO,2024,Q2,0.0
APO,2024,Q3,0.0
APO,2024,Q4,0.0
AXS,2007,Q3,0.0909773183591438
AXS,2007,Q4,0.25972946870083713
AXS,2008,Q1,0.13899185260136923
AXS,2008,Q2,0.18516474377875233
AXS,2008,Q3,0.42484145425260067
AXS,2008,Q4,0.19527416427930197
AXS,2009,Q1,0.10601809230007109
AXS,2009,Q2,0.1421904968003095
AXS,2009,Q3,0.203590399232404
AXS,2009,Q4,0.16243859359196255
AXS,2010,Q1,0.22188100167389574
AXS,2010,Q2,0.1205803823303169
AXS,2010,Q3,0.25170604520373874
AXS,2010,Q4,0.21716308309918358
AXS,2011,Q1,0.38941712697347003
AXS,2011,Q2,0.16841241319974262
AXS,2011,Q3,0.2563032637942921
AXS,2011,Q4,0.24201483130455018
AXS,2012,Q1,0.11098573872676262
AXS,2012,Q2,0.23157323689400394
AXS,2012,Q3,0.1886380508721593
AXS,2012,Q4,0.17571337827264447
AXS,2013,Q1,0.12560423992682193
AXS,2013,Q2,0.1338670916027493
AXS,2013,Q3,0.04864236956737081
AXS,2013,Q4,0.11615309877829118
AXS,2014,Q1,0.13170560555798666
AXS,2014,Q2,0.19110778111677904
AXS,2014,Q3,0.24306270191746374
AXS,2014,Q4,0.19757596096571753
AXS,2015,Q1,0.2715380704402924
AXS,2015,Q2,0.3580118967936589
AXS,2015,Q3,0.18726606143487468
AXS,2015,Q4,0.1753252979480859
AXS,2016,Q1,0.1192701286391208
AXS,2016,Q2,0.1776698934180396
AXS,2016,Q3,0.13644746212022646
AXS,2016,Q4,0.21961215955595817
AXS,2017,Q1,0.2301115310854382
AXS,2017,Q2,0.2658258960360572
AXS,2017,Q3,0.30971464035766466
AXS,2017,Q4,0.2508115036146981
AXS,2018,Q1,0.0929697168909985
AXS,2018,Q2,0.1787638823900904
AXS,2018,Q3,0.12374822451518132
AXS,2018,Q4,0.1909211697401824
AXS,2019,Q1,0.17562336921691896
AXS,2019,Q2,0.16492943194779483
AXS,2019,Q3,0.2066410115131965
AXS,2019,Q4,0.22601574659347534
AXS,2020,Q1,0.09758180506685947
AXS,2020,Q2,0.12846646457910538
AXS,2020,Q3,0.2562076792572484
AXS,2020,Q4,0.1387564368167166
AXS,2021,Q1,0.1674445889890194
AXS,2021,Q2,0.10881910452971587
AXS,2021,Q3,0.25091106827194626
AXS,2021,Q4,0.18545132040977477
AXS,2022,Q1,0.30528491735458374
AXS,2022,Q2,0.20486975283849806
AXS,2022,Q3,0.2473254181304068
AXS,2022,Q4,0.1470218954547759
AXS,2023,Q1,0.14531251119107616
AXS,2023,Q2,0.06641056216680087
AXS,2023,Q3,0.0651277784715619
AXS,2023,Q4,0.08439156599342823
AXS,2024,Q1,0.08439156599342823
AXS,2024,Q2,0.15894150513189811
AXS,2024,Q3,0.17518316407998402
AXS,2024,Q4,0.10828711227937178
CB,2007,Q3,0.11393113778187679
CB,2007,Q4,0.3546363612016042
CB,2008,Q1,0.5406221236501422
CB,2008,Q2,0.11934835463762283
CB,2009,Q1,0.23567155748605728
CB,2009,Q2,0.15685596636363439
CB,2009,Q3,0.08106663666273418
CB,2009,Q4,0.23356566578149796
CB,2010,Q1,0.19976645708084106
CB,2010,Q2,0.16878109253369844
CB,2010,Q4,0.2628098757643449
CB,2011,Q1,0.16701491994242515
CB,2011,Q2,0.17017621579377548
CB,2011,Q3,0.2934777150551478
CB,2011,Q4,0.19903777734093045
CB,2012,Q1,0.13167304613373496
CB,2012,Q2,0.18023823914320572
CB,2012,Q3,0.17207390069961548
CB,2012,Q4,0.2863195203244686
CB,2013,Q1,0.09023427963256836
CB,2013,Q2,0.1634004478869231
CB,2013,Q3,0.08809439539909363
CB,2013,Q4,0.05856075244290488
CB,2014,Q1,0.11534960960087023
CB,2014,Q2,0.04627876811557346
CB,2014,Q3,0.131677684875635
CB,2014,Q4,0.03734929084777832
CB,2015,Q1,0.12409676532996328
CB,2015,Q2,0.06915100557463509
CB,2015,Q3,0.4370149757180895
CB,2015,Q4,0.19342133402824402
CB,2016,Q1,0.14571198591819176
CB,2016,Q2,0.15980234493811926
CB,2016,Q3,0.22261857635834637
CB,2016,Q4,0.302604286758988
CB,2017,Q1,0.5292278587818146
CB,2017,Q2,0.2706600683076041
CB,2017,Q3,0.27384873953732575
CB,2017,Q4,0.19023755618504115
CB,2018,Q1,0.21958207142980476
CB,2018,Q2,0.1504124641418457
CB,2018,Q3,0.2778107313548817
CB,2018,Q4,0.25167075651032583
CB,2019,Q1,0.08517917990684509
CB,2019,Q2,0.060230303555727
CB,2019,Q3,0.18123037740588188
CB,2019,Q4,0.27581286430358887
CB,2020,Q1,0.23030692109694847
CB,2020,Q2,0.2153169077795905
CB,2020,Q3,0.24796437165316412
CB,2020,Q4,0.34597356617450714
CB,2021,Q1,0.3193559758365154
CB,2021,Q2,0.13713565894535612
CB,2021,Q3,0.20827784708568028
CB,2021,Q4,0.14529765110749465
CB,2022,Q1,0.2628252397884022
CB,2022,Q2,0.1922452449798584
CB,2022,Q3,0.22783953988033792
CB,2022,Q4,0.08417861357979152
CB,2023,Q1,0.10501306454340617
CB,2023,Q2,0.1199977546930313
CB,2023,Q3,0.10112905502319335
CB,2023,Q4,0.18348815706041124
CB,2024,Q1,0.08083902299404143
CB,2024,Q2,0.15819968779881793
CB,2024,Q3,0.13346060684749056
CB,2024,Q4,0.181209032950194
CINF,2008,Q2,0.2891320396553386
CINF,2008,Q3,0.3012459942927727
CINF,2009,Q1,0.0813312977552414
CINF,2009,Q2,0.22168809175491333
CINF,2009,Q3,0.31425974890589714
CINF,2009,Q4,0.10524605380164254
CINF,2010,Q1,0.1001064313782586
CINF,2010,Q3,0.11288609902064005
CINF,2010,Q4,0.04896438121795654
CINF,2011,Q2,0.33638860525623443
CINF,2011,Q3,0.084407319193301
CINF,2011,Q4,0.10144612965760408
CINF,2012,Q1,0.04801341107017115
CINF,2012,Q2,0.02139789553788992
CINF,2012,Q3,0.09315979878107707
CINF,2012,Q4,0.04317208582704717
CINF,2013,Q1,0.06946580750601632
CINF,2013,Q2,0.0
CINF,2013,Q3,0.04507115483283996
CINF,2013,Q4,0.059032779186964035
CINF,2014,Q1,0.1260447253783544
CINF,2014,Q2,0.2621569074690342
CINF,2014,Q3,0.0
CINF,2014,Q4,0.0
CINF,2015,Q1,0.09764048882893153
CINF,2015,Q2,0.09740089972813924
CINF,2015,Q3,0.09557462400860256
CINF,2015,Q4,0.09550978541374208
CINF,2016,Q1,0.07239244878292084
CINF,2016,Q2,0.1445026956498623
CINF,2016,Q3,0.059155120569116926
CINF,2016,Q4,0.03903589606285095
CINF,2017,Q1,0.0824315185132234
CINF,2017,Q2,0.07091913314966056
CINF,2017,Q3,0.14604994962955342
CINF,2017,Q4,0.04988473967501992
CINF,2018,Q1,0.07950693865617116
CINF,2018,Q2,0.0
CINF,2018,Q3,0.12744057178497314
CINF,2018,Q4,0.0
CINF,2019,Q1,0.0775100103131047
CINF,2019,Q2,0.10801830887794495
CINF,2019,Q3,0.0
CINF,2019,Q4,0.0
CINF,2020,Q1,0.04924974326164492
CINF,2020,Q2,0.15361038934100757
CINF,2020,Q3,0.1488137369354566
CINF,2020,Q4,0.05962410798439613
CINF,2021,Q1,0.0
CINF,2021,Q2,0.026332186027006668
CINF,2021,Q3,0.2878800813968365
CINF,2021,Q4,0.0728820378963764
CINF,2022,Q1,0.08365582823753356
CINF,2022,Q2,0.1792660415172577
CINF,2022,Q3,0.25821582170633167
CINF,2022,Q4,0.10019146326260689
CINF,2023,Q1,0.10391560489056158
CINF,2023,Q2,0.0
CINF,2023,Q3,0.0
CINF,2023,Q4,0.057865683849041276
CINF,2024,Q1,0.0
CINF,2024,Q2,0.07731249657544223
CINF,2024,Q3,0.15861966680077946
CNA,2007,Q3,0.0
CNA,2007,Q4,0.0
CNA,2008,Q1,0.2119524147775438
CNA,2008,Q2,0.5265610984393528
CNA,2008,Q3,0.3506205292309032
CNA,2008,Q4,0.5087215363979339
CNA,2009,Q1,0.2479693114757538
CNA,2009,Q2,0.30281300842761993
CNA,2009,Q3,0.1363273479721763
CNA,2009,Q4,0.0
CNA,2010,Q1,0.27707748115062714
CNA,2010,Q2,0.1398364227751027
CNA,2010,Q3,0.5390161739455329
CNA,2010,Q4,0.29726333618164064
CNA,2011,Q1,0.17930008636580574
CNA,2011,Q2,0.28389222323894503
CNA,2011,Q3,0.1634950531380517
CNA,2011,Q4,0.16050049066543579
CNA,2012,Q1,0.10926941913716934
CNA,2012,Q2,0.0
CNA,2012,Q3,0.04709896743297577
CNA,2012,Q4,0.22621286511421204
CNA,2013,Q1,0.03242540100346441
CNA,2013,Q2,0.05263400822877884
CNA,2013,Q3,0.12021145863192421
CNA,2013,Q4,0.1489558219909668
CNA,2014,Q1,0.19821241050958632
CNA,2014,Q2,0.13824736362411863
CNA,2014,Q3,0.14617811441421508
CNA,2014,Q4,0.0
CNA,2015,Q1,0.0
CNA,2015,Q2,0.1792687343226539
CNA,2015,Q3,0.107667605082194
CNA,2015,Q4,0.07426485648522009
CNA,2016,Q1,0.07303308523618258
CNA,2016,Q2,0.19399220496416092
CNA,2016,Q3,0.0
CNA,2016,Q4,0.0
CNA,2017,Q1,0.0
CNA,2017,Q2,0.0
CNA,2017,Q3,0.10689948060933281
CNA,2017,Q4,0.21647392158155088
CNA,2018,Q1,0.05454060932000478
CNA,2018,Q2,0.10085176097022162
CNA,2018,Q3,0.2931542955338955
CNA,2018,Q4,0.2369476854801178
CNA,2019,Q1,0.15110214054584503
CNA,2019,Q2,0.0
CNA,2019,Q3,0.06564161465281532
CNA,2019,Q4,0.1532048135995865
CNA,2020,Q1,0.03460837205251058
CNA,2020,Q2,0.2364437452384404
CNA,2020,Q3,0.06788445157664162
CNA,2020,Q4,0.15958828817714343
CNA,2021,Q1,0.14095935225486755
CNA,2021,Q2,0.15107837981647915
CNA,2021,Q3,0.22225059333600497
CNA,2021,Q4,0.30078551402458775
CNA,2022,Q1,0.17736722791896148
CNA,2022,Q2,0.08563201535831798
CNA,2022,Q3,0.1503461301326752
CNA,2022,Q4,0.13285893201828003
CNA,2023,Q1,0.0
CNA,2023,Q2,0.1164289116859436
CNA,2023,Q3,0.06420661608378093
CNA,2023,Q4,0.05841875076293945
CNA,2024,Q1,0.2389860302209854
CNA,2024,Q2,0.3271687499114445
CNA,2024,Q3,0.17433394356207413
EG,2007,Q4,0.18061816256220747
EG,2008,Q3,0.1702320518032197
EG,2008,Q4,0.35034017110693044
EG,2009,Q3,0.1990769530336062
EG,2009,Q4,0.08662623564402262
EG,2010,Q1,0.15358370953592762
EG,2010,Q2,0.10809115692973137
EG,2010,Q3,0.12440836088997977
EG,2011,Q1,0.053759805030292936
EG,2011,Q2,0.33206472247838975
EG,2011,Q3,0.05450791418552399
EG,2011,Q4,0.05717216928799947
EG,2012,Q1,0.04482962076480572
EG,2012,Q2,0.16548000063214982
EG,2012,Q3,0.22499521457871727
EG,2012,Q4,0.14385690457291073
EG,2013,Q1,0.1500740647315979
EG,2013,Q2,0.09946369379758835
EG,2013,Q4,0.08403109409371201
EG,2014,Q1,0.07678176090121269
EG,2014,Q2,0.07228951864555234
EG,2014,Q3,0.0568005594552732
EG,2014,Q4,0.10211586493712205
EG,2015,Q1,0.10889645559447152
EG,2015,Q2,0.2582531880449366
EG,2015,Q3,0.2551301975141872
EG,2015,Q4,0.2234244194685244
EG,2016,Q1,0.2392489664694842
EG,2016,Q2,0.19012806197287332
EG,2016,Q3,0.22944398935024554
EG,2016,Q4,0.27605337299496296
EG,2017,Q1,0.07958641514849307
EG,2017,Q2,0.19852635222421566
EG,2017,Q3,0.0980721116065979
EG,2017,Q4,0.23574435905269955
EG,2018,Q1,0.05593637854625017
EG,2018,Q2,0.1539115343667284
EG,2018,Q3,0.19557939677298825
EG,2018,Q4,0.19927109661055545
EG,2019,Q1,0.14245376828011502
EG,2019,Q2,0.09559867056933316
EG,2019,Q3,0.15083473657860474
EG,2019,Q4,0.09337664331708635
EG,2020,Q1,0.0905348731053842
EG,2020,Q2,0.0895313379130786
EG,2020,Q3,0.16727391630411148
EG,2020,Q4,0.12408485745682436
EG,2021,Q1,0.05065709569237449
EG,2021,Q2,0.09753117461999257
EG,2021,Q3,0.29445519754963534
EG,2021,Q4,0.08166270486770137
EG,2022,Q1,0.1798936050871144
EG,2022,Q2,0.045183588351522176
EG,2022,Q3,0.15819282347047833
EG,2022,Q4,0.02883968817985664
EG,2023,Q1,0.054861025299344744
EG,2023,Q2,0.07655339439709981
EG,2023,Q3,0.07646356821060181
EG,2023,Q4,0.018289979015077864
EG,2024,Q1,0.11096676482873805
EG,2024,Q2,0.12869277082640548
EG,2024,Q3,0.07899960790361676
EG,2024,Q4,0.20348162576556206
FRFHF,2008,Q2,0.19277537182757729
FRFHF,2009,Q2,0.1801837146282196
FRFHF,2009,Q3,0.176326122879982
FRFHF,2009,Q4,0.3197458554059267
FRFHF,2010,Q2,0.22697977349162102
FRFHF,2010,Q3,0.3270207626952065
FRFHF,2010,Q4,0.27735292017459867
FRFHF,2011,Q1,0.2698453615109126
FRFHF,2011,Q2,0.1381559930741787
FRFHF,2011,Q3,0.30315844076020376
FRFHF,2011,Q4,0.212675818529996
FRFHF,2012,Q1,0.34373950958251953
FRFHF,2012,Q2,0.26468139035361155
FRFHF,2012,Q3,0.26891054936817715
FRFHF,2012,Q4,0.39650496163151483
FRFHF,2013,Q1,0.11902327449233444
FRFHF,2013,Q2,0.25469526393072944
FRFHF,2013,Q3,0.4050634801387787
FRFHF,2013,Q4,0.31458790691531435
FRFHF,2014,Q1,0.34560814641770865
FRFHF,2014,Q2,0.1591082767204002
FRFHF,2014,Q3,0.3304447287862951
FRFHF,2014,Q4,0.35693984292447567
FRFHF,2015,Q1,0.29507750272750854
FRFHF,2015,Q2,0.23811113834381104
FRFHF,2015,Q3,0.25390759110450745
FRFHF,2015,Q4,0.15509111100229725
FRFHF,2016,Q1,0.23417516372033528
FRFHF,2016,Q2,0.23884557684262595
FRFHF,2016,Q3,0.29093233897135806
FRFHF,2016,Q4,0.2628817393861968
FRFHF,2017,Q1,0.21680767089128494
FRFHF,2017,Q2,0.24432180033010595
FRFHF,2017,Q3,0.5990696438523226
FRFHF,2017,Q4,0.41767597313110644
FRFHF,2018,Q1,0.08927484958068184
FRFHF,2018,Q2,0.23926381979669845
FRFHF,2018,Q3,0.3376786257281448
FRFHF,2018,Q4,0.21518992689939645
FRFHF,2019,Q1,0.35767162623612775
FRFHF,2019,Q2,0.2147900490533738
FRFHF,2019,Q3,0.4035661587348351
FRFHF,2019,Q4,0.346374848374614
FRFHF,2020,Q1,0.11957298283991606
FRFHF,2020,Q2,0.31650269561343725
FRFHF,2020,Q3,0.24750008121613534
FRFHF,2020,Q4,0.2250065044923262
FRFHF,2021,Q1,0.08492746678265659
FRFHF,2021,Q2,0.04579639718646095
FRFHF,2021,Q3,0.2802427683187568
FRFHF,2021,Q4,0.23161786986935523
FRFHF,2022,Q1,0.0877015699039806
FRFHF,2022,Q2,0.1729264388481776
FRFHF,2022,Q3,0.1808989961096581
FRFHF,2022,Q4,0.12909124906246477
FRFHF,2023,Q1,0.1205186898058111
FRFHF,2023,Q2,0.07345843315124512
FRFHF,2023,Q3,0.27651479729899653
FRFHF,2023,Q4,0.19061992338725497
FRFHF,2024,Q1,0.09939541058106856
FRFHF,2024,Q2,0.029168198506037395
FRFHF,2024,Q3,0.22092756778001785
HIG,2008,Q1,0.0
HIG,2008,Q2,0.2078503966331482
HIG,2008,Q3,0.175370150490811
HIG,2008,Q4,0.2914736204677158
HIG,2009,Q1,0.0
HIG,2009,Q2,0.07487113028764725
HIG,2009,Q4,0.13401381174723306
HIG,2010,Q1,0.0
HIG,2010,Q2,0.137928673854241
HIG,2010,Q3,0.07150220019476754
HIG,2010,Q4,0.0
HIG,2011,Q1,0.06291500329971314
HIG,2011,Q2,0.21760649482409158
HIG,2011,Q3,0.4939964711666107
HIG,2011,Q4,0.0
HIG,2012,Q1,0.10680892732408312
HIG,2012,Q2,0.20466657810741
HIG,2012,Q3,0.049140901942002144
HIG,2012,Q4,0.2536486824353536
HIG,2013,Q1,0.12878138743914092
HIG,2013,Q2,0.15872544050216675
HIG,2013,Q3,0.5662900924682617
HIG,2013,Q4,0.16320937871932983
HIG,2014,Q1,0.08026864311911842
HIG,2014,Q2,0.17786306955597617
HIG,2014,Q3,0.046872079372406
HIG,2014,Q4,0.18205888403786552
HIG,2015,Q1,0.22723055879275003
HIG,2015,Q2,0.2521646857261658
HIG,2015,Q3,0.3455258391120217
HIG,2015,Q4,0.07182332447596959
HIG,2016,Q1,0.15809949239095053
HIG,2016,Q2,0.2794393658638
HIG,2016,Q3,0.2147112675011158
HIG,2016,Q4,0.11738503724336626
HIG,2017,Q1,0.21943680863631398
HIG,2017,Q2,0.17916370355165923
HIG,2017,Q3,0.21683882944511645
HIG,2017,Q4,0.16451163852916045
HIG,2018,Q1,0.057452090084552765
HIG,2018,Q2,0.17011778950691223
HIG,2018,Q3,0.2934706636837551
HIG,2018,Q4,0.2736161415066038
HIG,2019,Q1,0.3337446706635611
HIG,2019,Q2,0.07097147703170777
HIG,2019,Q3,0.23591928879419963
HIG,2019,Q4,0.11867313430859493
HIG,2020,Q1,0.0
HIG,2020,Q2,0.25835451057979036
HIG,2020,Q3,0.439969797929128
HIG,2020,Q4,0.2953399373934819
HIG,2021,Q1,0.3134954770406087
HIG,2021,Q2,0.442598154147466
HIG,2021,Q3,0.09616092443466187
HIG,2021,Q4,0.15631839632987976
HIG,2022,Q1,0.13542994856834412
HIG,2022,Q2,0.31934351722399396
HIG,2022,Q3,0.09702326191796197
HIG,2022,Q4,0.1618097722530365
HIG,2023,Q1,0.07941274841626485
HIG,2023,Q2,0.0
HIG,2023,Q3,0.1523701747258504
HIG,2023,Q4,0.04669878043626484
HIG,2024,Q1,0.05396998387116652
HIG,2024,Q2,0.06694687902927399
HIG,2024,Q3,0.07432268647586598
HIG,2024,Q4,0.11169413725535075
HRTG,2014,Q2,0.0
HRTG,2014,Q3,0.09295001957151625
HRTG,2014,Q4,0.06731554477111153
HRTG,2015,Q1,0.10411247185298375
HRTG,2015,Q2,0.0567763778898451
HRTG,2015,Q3,0.09967752959993151
HRTG,2015,Q4,0.09522739797830582
HRTG,2016,Q1,0.07357801840855525
HRTG,2016,Q2,0.017324274586093043
HRTG,2016,Q3,0.20277385962636849
HRTG,2016,Q4,0.24005135216496207
HRTG,2017,Q1,0.0
HRTG,2017,Q2,0.05590830937675808
HRTG,2017,Q3,0.15929275615648789
HRTG,2017,Q4,0.1501027797207688
HRTG,2018,Q1,0.19237111806869506
HRTG,2018,Q2,0.0
HRTG,2018,Q3,0.21747847646474838
HRTG,2018,Q4,0.2006984226631396
HRTG,2019,Q1,0.3744354918599129
HRTG,2019,Q2,0.15889554506256467
HRTG,2019,Q3,0.28257785737514496
HRTG,2019,Q4,0.12602329941896293
HRTG,2020,Q1,0.2474895626306534
HRTG,2020,Q2,0.08568195863203569
HRTG,2020,Q3,0.5544435977935791
HRTG,2020,Q4,0.0
HRTG,2021,Q1,0.26189308507101877
HRTG,2021,Q2,0.121299646794796
HRTG,2021,Q3,0.31858727931976316
HRTG,2021,Q4,0.15160359740257262
HRTG,2022,Q1,0.0
HRTG,2022,Q2,0.06459629109927585
HRTG,2022,Q3,0.18125058595950788
HRTG,2022,Q4,0.11223779540312917
HRTG,2023,Q1,0.0905164361000061
HRTG,2023,Q2,0.0
HRTG,2023,Q3,0.15418215923839146
HRTG,2023,Q4,0.0
HRTG,2024,Q1,0.10023193226920234
HRTG,2024,Q2,0.06572396938617413
HRTG,2024,Q3,0.24359226768667047
IFC,2011,Q2,0.0743242410513071
IFC,2011,Q3,0.10273615803037371
IFC,2011,Q4,0.036727139949798586
IFC,2012,Q1,0.0
IFC,2012,Q2,0.054007546769248106
IFC,2012,Q3,0.0
IFC,2012,Q4,0.0
IFC,2013,Q1,0.0634905219078064
IFC,2013,Q2,0.09869952925613948
IFC,2013,Q3,0.12075431780381636
IFC,2013,Q4,0.12287881874269055
IFC,2014,Q1,0.10525296952413477
IFC,2014,Q2,0.02164177013480145
IFC,2014,Q3,0.0
IFC,2014,Q4,0.0
IFC,2015,Q1,0.0
IFC,2015,Q2,0.0883011221885681
IFC,2015,Q3,0.1886353053544697
IFC,2015,Q4,0.12171831039281991
IFC,2016,Q1,0.03690330028533936
IFC,2016,Q2,0.11236693660418193
IFC,2016,Q3,0.11690684280744414
IFC,2016,Q4,0.041108628977899964
IFC,2017,Q1,0.38038972616195676
IFC,2017,Q2,0.0
IFC,2017,Q3,0.0
IFC,2017,Q4,0.03681717010644766
IFC,2018,Q1,0.030904634131325617
IFC,2018,Q2,0.0
IFC,2018,Q3,0.052159280612550936
IFC,2018,Q4,0.11221868097782135
IFC,2019,Q1,0.051012441169383915
IFC,2019,Q2,0.03369652537199167
IFC,2019,Q3,0.0
IFC,2019,Q4,0.0
IFC,2020,Q1,0.041141440128457954
IFC,2020,Q2,0.0
IFC,2020,Q3,0.0
IFC,2020,Q4,0.0
IFC,2021,Q1,0.0
IFC,2021,Q2,0.0
IFC,2021,Q3,0.042478549480438235
IFC,2021,Q4,0.05361577749252319
IFC,2022,Q1,0.03142518940426055
IFC,2022,Q2,0.14540414974607271
IFC,2022,Q3,0.14417109744889395
IFC,2022,Q4,0.10011197413716998
IFC,2023,Q1,0.0
IFC,2023,Q2,0.05872145667672157
IFC,2023,Q3,0.1847899777548654
IFC,2023,Q4,0.06309529940287271
IFC,2024,Q1,0.029617616534233095
IFC,2024,Q2,0.10898024042447409
IFC,2024,Q3,0.07844619189991671
IFC,2024,Q4,0.05712088767219993
JRVR,2016,Q4,0.0559396463281968
JRVR,2017,Q1,0.07745666395534169
JRVR,2017,Q2,0.19944128819874354
JRVR,2017,Q3,0.15112675791201385
JRVR,2017,Q4,0.09762543710795316
JRVR,2018,Q1,0.0
JRVR,2018,Q2,0.07995889087518056
JRVR,2018,Q3,0.18778805136680604
JRVR,2018,Q4,0.10187225739161174
JRVR,2019,Q1,0.0
JRVR,2019,Q2,0.053548014163970946
JRVR,2019,Q3,0.13669597644072312
JRVR,2019,Q4,0.23727719485759735
JRVR,2020,Q1,0.0821827587328459
JRVR,2020,Q2,0.21947957460696882
JRVR,2020,Q3,0.25500869005918503
JRVR,2020,Q4,0.40155698494477704
JRVR,2021,Q1,0.0
JRVR,2021,Q2,0.09265198026384626
JRVR,2021,Q3,0.14255293707052866
JRVR,2021,Q4,0.08328843712806702
JRVR,2022,Q1,0.2288406640291214
JRVR,2022,Q2,0.0
JRVR,2022,Q3,0.028256013989448547
JRVR,2022,Q4,0.1627346362386431
JRVR,2023,Q1,0.0
JRVR,2023,Q2,0.17725884355604649
JRVR,2023,Q3,0.0890289641195728
JRVR,2023,Q4,0.058443342645963035
JRVR,2024,Q1,0.0
JRVR,2024,Q2,0.0
JRVR,2024,Q3,0.10255682239165673
KMPR,2012,Q1,0.267106032371521
KMPR,2012,Q2,0.14279607167610756
KMPR,2012,Q3,0.19828876107931137
KMPR,2012,Q4,0.17470804382773006
KMPR,2013,Q1,0.13764560222625732
KMPR,2013,Q2,0.07469076835192166
KMPR,2013,Q3,0.2089454796579149
KMPR,2013,Q4,0.08706254850734364
KMPR,2014,Q1,0.3425980160633723
KMPR,2014,Q2,0.255932769354652
KMPR,2014,Q3,0.3216253789988431
KMPR,2014,Q4,0.28538113459944725
KMPR,2015,Q1,0.35799556308322483
KMPR,2015,Q2,0.08507757186889649
KMPR,2015,Q3,0.2239401787519455
KMPR,2015,Q4,0.22673887865883963
KMPR,2016,Q1,0.4914785256752601
KMPR,2016,Q2,0.4895985656314426
KMPR,2016,Q3,0.3154333829879761
KMPR,2016,Q4,0.48620958626270294
KMPR,2017,Q1,0.2562577592002021
KMPR,2017,Q2,0.16396698728203773
KMPR,2017,Q3,0.30505041480064393
KMPR,2017,Q4,0.0
KMPR,2018,Q1,0.0
KMPR,2018,Q2,0.321756637096405
KMPR,2018,Q3,0.0
KMPR,2018,Q4,0.10643469625049168
KMPR,2019,Q1,0.3857017606496811
KMPR,2019,Q2,0.0
KMPR,2019,Q3,0.19366441170374551
KMPR,2019,Q4,0.0
KMPR,2020,Q1,0.12640963792800902
KMPR,2020,Q2,0.685212716460228
KMPR,2020,Q3,0.46944180130958557
KMPR,2020,Q4,0.0
KMPR,2021,Q1,0.27979910373687744
KMPR,2021,Q2,0.0
KMPR,2021,Q3,0.4806036800146103
KMPR,2021,Q4,0.09316363334655761
KMPR,2022,Q1,0.0
KMPR,2022,Q2,0.0
KMPR,2022,Q3,0.21200272015162877
KMPR,2022,Q4,0.2423073798418045
KMPR,2023,Q1,0.3848822474479675
KMPR,2023,Q2,0.2475216289361318
KMPR,2023,Q3,0.2965644531779819
KMPR,2023,Q4,0.3007529675960541
KMPR,2024,Q1,0.2131841778755188
KMPR,2024,Q2,0.0
KMPR,2024,Q3,0.34509193897247314
KMPR,2024,Q4,0.09108660221099854
KNSL,2016,Q4,0.05942774936556816
KNSL,2017,Q2,0.0
KNSL,2017,Q3,0.22197595569822523
KNSL,2017,Q4,0.0
KNSL,2018,Q1,0.0
KNSL,2018,Q2,0.06629600375890732
KNSL,2018,Q3,0.0
KNSL,2018,Q4,0.10992185132844108
KNSL,2019,Q1,0.0
KNSL,2019,Q2,0.0
KNSL,2019,Q3,0.0
KNSL,2019,Q4,0.0
KNSL,2020,Q1,0.0
KNSL,2020,Q2,0.0
KNSL,2020,Q3,0.1686916540969502
KNSL,2021,Q1,0.0360303521156311
KNSL,2021,Q2,0.0
KNSL,2021,Q3,0.12279917221320302
KNSL,2021,Q4,0.0
KNSL,2022,Q1,0.08194676041603088
KNSL,2022,Q2,0.10065308411916098
KNSL,2022,Q3,0.08816313495238622
KNSL,2022,Q4,0.0641429198199305
KNSL,2023,Q1,0.07210152773630052
KNSL,2023,Q2,0.07191009819507599
KNSL,2023,Q3,0.21532000973820686
KNSL,2023,Q4,0.06848364642688205
KNSL,2024,Q1,0.0
KNSL,2024,Q2,0.09800823032855988
KNSL,2024,Q3,0.19237462334010913
MAP,2011,Q1,0.3804845412572225
MAP,2011,Q2,0.24284808337688446
MAP,2011,Q3,0.3973779487609863
MAP,2011,Q4,0.2196126381556193
MAP,2012,Q1,0.24372390829599822
MAP,2012,Q2,0.1686791069805622
MAP,2012,Q3,0.0
MAP,2012,Q4,0.12960852682590485
MAP,2013,Q1,0.229417622089386
MAP,2013,Q2,0.32636380195617676
MAP,2013,Q3,0.31971289714177453
MAP,2013,Q4,0.0
MAP,2014,Q1,0.30441296100616455
MAP,2014,Q2,0.05672016739845276
MAP,2014,Q3,0.14858210628682916
MAP,2014,Q4,0.19096859097480773
MAP,2015,Q1,0.10984733971682462
MAP,2015,Q2,0.046066880226135254
MAP,2015,Q3,0.19343467269624984
MAP,2015,Q4,0.11734572052955627
MAP,2016,Q1,0.3208610514799754
MAP,2016,Q2,0.06859673346791949
MAP,2016,Q3,0.6188937226931254
MAP,2016,Q4,0.13790913139070785
MAP,2017,Q1,0.1918403837415907
MAP,2017,Q2,0.14245574176311493
MAP,2017,Q3,0.11504486092814693
MAP,2017,Q4,0.04607359721110417
MAP,2018,Q1,0.12075550854206085
MAP,2018,Q2,0.0
MAP,2018,Q3,0.08921502801505002
MAP,2018,Q4,0.1786276412771103
MAP,2019,Q1,0.030926500597307754
MAP,2019,Q2,0.17061646973214498
MAP,2019,Q3,0.05263546109199524
MAP,2019,Q4,0.10113175630569458
MAP,2020,Q1,0.11869594725695523
MAP,2020,Q2,0.10333193180172942
MAP,2020,Q3,0.10777231167863917
MAP,2020,Q4,0.10469965858662382
MAP,2021,Q1,0.029964663088321686
MAP,2021,Q2,0.11587053537368774
MAP,2021,Q3,0.05191439815929958
MAP,2021,Q4,0.0753768137816725
MAP,2022,Q1,0.09296607640054491
MAP,2022,Q2,0.1163174190172335
MAP,2022,Q3,0.11022949773211811
MAP,2022,Q4,0.08924864638935436
MAP,2023,Q1,0.06855071838511977
MAP,2023,Q2,0.20799940347671508
MAP,2023,Q3,0.058952000406053334
MAP,2023,Q4,0.14915089522089278
MAP,2024,Q1,0.5778355002403259
MAP,2024,Q2,0.07224289292380923
MCY,2007,Q3,0.2168264389038086
MCY,2007,Q4,0.2396780550479889
MCY,2008,Q1,0.0
MCY,2008,Q2,0.0
MCY,2008,Q3,0.9573552757501602
MCY,2008,Q4,0.2993797421455383
MCY,2009,Q1,0.0
MCY,2009,Q2,0.0
MCY,2009,Q3,0.0
MCY,2009,Q4,0.24164557456970215
MCY,2010,Q2,0.18698606491088868
MCY,2010,Q4,0.0
MCY,2011,Q2,0.8889579176902771
MCY,2011,Q3,0.24207937717437744
MCY,2012,Q1,0.0
MCY,2012,Q2,0.2868909239768982
MCY,2012,Q3,0.0
MCY,2012,Q4,0.376527214050293
MCY,2013,Q1,0.13860655682427542
MCY,2013,Q2,0.4254521429538727
MCY,2013,Q3,0.6323951631784439
MCY,2013,Q4,0.1143793761730194
MCY,2014,Q1,0.24190558989842734
MCY,2014,Q2,0.24654122761317662
MCY,2014,Q3,0.3661447405815124
MCY,2014,Q4,0.3236215313275655
MCY,2015,Q1,0.12104494571685791
MCY,2015,Q2,0.41491928696632385
MCY,2015,Q3,0.0
MCY,2015,Q4,0.08655186674811623
MCY,2016,Q1,0.2960851819891679
MCY,2016,Q2,0.7429320939949581
MCY,2016,Q3,0.19055529236793517
MCY,2016,Q4,0.0
MCY,2017,Q1,0.5486286878585815
MCY,2017,Q2,0.4827989935874939
MCY,2017,Q3,0.5694753676652908
MCY,2017,Q4,0.29785651282260295
MCY,2018,Q1,0.5386834889650345
MCY,2018,Q2,0.1919901590598257
MCY,2018,Q3,0.4547959764798482
MCY,2018,Q4,0.33593489825725553
MCY,2019,Q1,0.3481115326285362
MCY,2019,Q2,0.2534366344150744
MCY,2019,Q3,0.2562038024266561
MCY,2019,Q4,0.20465382933616638
MCY,2020,Q1,0.4730224162340164
MCY,2020,Q2,0.13118664528194227
MKL,2008,Q1,0.333743155002594
MKL,2008,Q3,0.2669077622038977
MKL,2008,Q4,0.2105473732948303
MKL,2010,Q1,0.1615499258041382
MKL,2010,Q2,0.0858953174422769
MKL,2010,Q3,0.06053944734426645
MKL,2010,Q4,0.21571773858297438
MKL,2011,Q1,0.0
MKL,2011,Q2,0.45350598692893984
MKL,2011,Q3,0.41089993715286255
MKL,2011,Q4,0.32268807421559875
MKL,2012,Q1,0.24416710365386235
MKL,2012,Q2,0.0782466431458791
MKL,2012,Q3,0.09504740652830704
MKL,2012,Q4,0.2054549834944985
MKL,2013,Q2,0.06949388555118016
MKL,2013,Q3,0.12727718750635783
MKL,2013,Q4,0.18848880352797331
MKL,2014,Q1,0.11822140738368034
MKL,2014,Q2,0.07662614367224953
MKL,2014,Q3,0.13114240169525146
MKL,2014,Q4,0.08051414652304216
MKL,2015,Q1,0.16920288119997298
MKL,2015,Q2,0.19543438818719652
MKL,2015,Q3,0.07362131476402282
MKL,2015,Q4,0.21185920760035515
MKL,2016,Q1,0.11684460639953613
MKL,2016,Q2,0.30299238235719744
MKL,2016,Q3,0.21348589807748794
MKL,2016,Q4,0.2678486023630415
MKL,2017,Q1,0.13499711047519336
MKL,2017,Q2,0.1713134901864188
MKL,2017,Q3,0.23890717203418413
MKL,2017,Q4,0.20620083279079862
MKL,2018,Q1,0.21279951257090415
MKL,2018,Q2,0.29402580360571545
MKL,2018,Q3,0.2848935013725644
MKL,2018,Q4,0.39803156201486234
MKL,2019,Q1,0.10525501251220704
MKL,2019,Q2,0.11063535511493683
MKL,2019,Q3,0.2035748965518419
MKL,2019,Q4,0.23394723372025925
MKL,2020,Q1,0.17552255999808217
MKL,2020,Q2,0.11616804202397664
MKL,2020,Q3,0.24479344646845544
MKL,2020,Q4,0.14457925649789663
MKL,2021,Q1,0.12807976362998025
MKL,2021,Q2,0.12456365038708943
MKL,2021,Q3,0.1424048348348968
MKL,2021,Q4,0.13125487514164136
MKL,2022,Q1,0.07405250110933857
MKL,2022,Q2,0.13252377178933886
MKL,2022,Q3,0.20765059779990802
MKL,2022,Q4,0.17566686357770647
MKL,2023,Q1,0.13397543067517487
MKL,2023,Q2,0.10027303298314412
MKL,2023,Q3,0.25454258613097364
MKL,2023,Q4,0.1922505953732659
MKL,2024,Q1,0.03919386863708496
MKL,2024,Q2,0.0
MKL,2024,Q3,0.1494161857141031
ORI,2007,Q4,0.0
ORI,2008,Q1,0.0
ORI,2008,Q2,0.07432557003838676
ORI,2008,Q3,0.0
ORI,2008,Q4,0.0
ORI,2009,Q1,0.9198800921440125
ORI,2009,Q2,0.0
ORI,2009,Q3,0.4290468096733093
ORI,2009,Q4,0.4548690766096115
ORI,2010,Q2,0.1863034036424425
ORI,2010,Q3,0.0
ORI,2010,Q4,0.0
ORI,2011,Q1,0.20313303811209543
ORI,2011,Q2,0.2734450896581014
ORI,2011,Q4,0.0
ORI,2012,Q1,0.0
ORI,2012,Q2,0.0
ORI,2012,Q3,0.0
ORI,2012,Q4,0.055596616533067494
ORI,2013,Q1,0.0
ORI,2013,Q2,0.0
ORI,2013,Q3,0.0
ORI,2013,Q4,0.0
ORI,2014,Q1,0.1918887972831726
ORI,2014,Q2,0.0
ORI,2014,Q3,0.21955022641590663
ORI,2014,Q4,0.0
ORI,2015,Q1,0.0
ORI,2015,Q2,0.0
ORI,2015,Q3,0.0657407177819146
ORI,2015,Q4,0.0
ORI,2016,Q1,0.0
ORI,2016,Q2,0.0
ORI,2016,Q3,0.10811153799295425
ORI,2016,Q4,0.19431277513504028
ORI,2017,Q2,0.37734376390775043
ORI,2017,Q3,0.20464072908673966
ORI,2017,Q4,0.18872325122356415
ORI,2018,Q2,0.0
ORI,2018,Q4,0.0
ORI,2019,Q2,0.0
ORI,2019,Q4,0.16969781517982482
ORI,2020,Q1,0.10792911052703857
ORI,2020,Q2,0.16934941573576492
ORI,2020,Q3,0.0702001303434372
ORI,2020,Q4,0.0
ORI,2021,Q1,0.0
ORI,2021,Q2,0.150232994556427
ORI,2021,Q3,0.0
ORI,2021,Q4,0.0
ORI,2022,Q1,0.09557349681854248
ORI,2022,Q2,0.10114357868830363
ORI,2022,Q3,0.4784517526626587
ORI,2022,Q4,0.0
ORI,2023,Q1,0.0
ORI,2023,Q2,0.16522309556603432
ORI,2023,Q3,0.0
ORI,2023,Q4,0.0
ORI,2024,Q1,0.0
ORI,2024,Q2,0.162015900015831
ORI,2024,Q3,0.14413165052731833
ORI,2024,Q4,0.18115117814805773
PGR,2010,Q3,0.0
PGR,2011,Q2,0.0
PGR,2011,Q3,0.16001103321711221
PGR,2011,Q4,0.149404505888621
PGR,2012,Q2,0.16398015022277831
PGR,2012,Q3,0.0
PGR,2012,Q4,0.0
PGR,2013,Q2,0.0
PGR,2013,Q3,0.0
PGR,2013,Q4,0.0
PGR,2014,Q2,0.0
PGR,2014,Q3,0.24205843607584634
PGR,2015,Q2,0.0
PGR,2015,Q4,0.0
PGR,2016,Q1,0.060602969244906775
PGR,2016,Q2,0.0
PGR,2016,Q4,0.04055595397949219
PGR,2017,Q1,0.0
PGR,2017,Q2,0.0
PGR,2017,Q3,0.0816990200962339
PGR,2017,Q4,0.0
PGR,2018,Q1,0.0
PGR,2018,Q2,0.0
PGR,2018,Q3,0.3152098854382833
PGR,2018,Q4,0.44635576009750366
PGR,2019,Q1,0.7778568267822266
PGR,2019,Q2,0.12311114867528279
PGR,2019,Q3,0.06782639026641846
PGR,2019,Q4,0.012864220433118866
PGR,2020,Q1,0.0
PGR,2020,Q2,0.0
PGR,2020,Q4,0.08828928253867409
PGR,2021,Q1,0.34785787548337666
PGR,2021,Q2,0.0
PGR,2021,Q3,0.201977093111385
PGR,2021,Q4,0.10032220019234551
PGR,2022,Q1,0.0
PGR,2022,Q2,0.08149219586931426
PGR,2022,Q3,0.0872117832854942
PGR,2022,Q4,0.050094793240229286
PGR,2023,Q1,0.08956067562103272
PGR,2023,Q2,0.12303173801173335
PGR,2023,Q3,0.3266911208629608
PGR,2023,Q4,0.09162518382072447
PGR,2024,Q1,0.14366716146469116
PGR,2024,Q2,0.11684222519397736
PGR,2024,Q3,0.0641998861517225
RLI,2007,Q3,0.09353838860988617
RLI,2008,Q1,0.12116390466690063
RLI,2008,Q2,0.55349200963974
RLI,2008,Q3,0.33512823070798603
RLI,2008,Q4,0.10697678724924724
RLI,2009,Q2,0.0339994341135025
RLI,2009,Q3,0.0512278750538826
RLI,2009,Q4,0.057199905900394206
RLI,2010,Q1,0.0
RLI,2010,Q2,0.0999817172686259
RLI,2010,Q3,0.08747214078903198
RLI,2010,Q4,0.0
RLI,2011,Q1,0.0
RLI,2011,Q2,0.1602027177810669
RLI,2011,Q3,0.08200428031739734
RLI,2011,Q4,0.0
RLI,2012,Q1,0.06961164871851604
RLI,2012,Q2,0.035960477811318864
RLI,2012,Q3,0.17266441732645035
RLI,2012,Q4,0.03920468162087833
RLI,2013,Q1,0.10383906960487366
RLI,2013,Q2,0.12975659635331896
RLI,2013,Q3,0.16472856913294112
RLI,2013,Q4,0.06405683800026223
RLI,2014,Q1,0.12341379601022472
RLI,2014,Q2,0.07058503077580379
RLI,2014,Q3,0.15621862989483457
RLI,2014,Q4,0.09045823072565012
RLI,2015,Q1,0.05998857617378235
RLI,2015,Q2,0.07409232238243366
RLI,2015,Q3,0.0
RLI,2015,Q4,0.12378146078275598
RLI,2016,Q1,0.10265038515392103
RLI,2016,Q2,0.0
RLI,2016,Q3,0.2661348902262174
RLI,2016,Q4,0.18485969588870094
RLI,2017,Q1,0.14271756344371372
RLI,2017,Q2,0.2370916550809687
RLI,2017,Q3,0.1443049246850221
RLI,2017,Q4,0.19405370122856563
RLI,2018,Q1,0.0
RLI,2018,Q2,0.03160840645432472
RLI,2018,Q3,0.055326804518699646
RLI,2018,Q4,0.11881944835186005
RLI,2019,Q1,0.062143283861654776
RLI,2019,Q2,0.15155453892315135
RLI,2019,Q3,0.1064157485961914
RLI,2019,Q4,0.09645363688468933
RLI,2020,Q1,0.0
RLI,2020,Q2,0.10098196983337403
RLI,2020,Q3,0.20936230301856995
RLI,2020,Q4,0.10367284715175629
RLI,2021,Q1,0.1718352266720363
RLI,2021,Q2,0.20455838243166605
RLI,2021,Q3,0.20701595965553732
RLI,2021,Q4,0.1364583820104599
RLI,2022,Q1,0.15550359435703442
RLI,2022,Q2,0.062012218140267035
RLI,2022,Q3,0.1790962440626962
RLI,2022,Q4,0.07265031869922366
RLI,2023,Q1,0.03137342968294697
RLI,2023,Q2,0.14354711951631488
RLI,2023,Q3,0.27647997811436653
RLI,2023,Q4,0.15506700985133648
RLI,2024,Q1,0.13770473619987225
RLI,2024,Q2,0.05232969963032266
RLI,2024,Q3,0.2656732682998364
RLI,2024,Q4,0.1376408183056375
SIGI,2007,Q4,0.3290541682924543
SIGI,2008,Q3,0.1921746482451757
SIGI,2008,Q4,0.12355022247021015
SIGI,2009,Q1,0.14513520068592495
SIGI,2009,Q2,0.11518996953964235
SIGI,2009,Q3,0.09992575645446777
SIGI,2009,Q4,0.07530056536197663
SIGI,2010,Q2,0.19671085849404335
SIGI,2010,Q3,0.22346940835316975
SIGI,2010,Q4,0.14088442650708285
SIGI,2011,Q1,0.22269974814520943
SIGI,2011,Q2,0.1737481218117934
SIGI,2011,Q3,0.3036752766684482
SIGI,2011,Q4,0.07459021420092196
SIGI,2012,Q1,0.14607063266966078
SIGI,2012,Q2,0.12435569833306705
SIGI,2012,Q3,0.09160207598297684
SIGI,2012,Q4,0.11061936616897583
SIGI,2013,Q1,0.1354242276262354
SIGI,2013,Q2,0.13634912456784928
SIGI,2013,Q3,0.14534118901128354
SIGI,2013,Q4,0.06308433965400413
SIGI,2014,Q1,0.1139507374980233
SIGI,2014,Q2,0.16771253446737924
SIGI,2014,Q3,0.16494042078653973
SIGI,2014,Q4,0.17999616662661236
SIGI,2015,Q1,0.049382686614990234
SIGI,2015,Q2,0.10582460628615485
SIGI,2015,Q3,0.0815754815151817
SIGI,2015,Q4,0.0782567234266372
SIGI,2016,Q1,0.15141307530195816
SIGI,2016,Q2,0.0413563899371935
SIGI,2016,Q3,0.1619053900241852
SIGI,2016,Q4,0.17831932122890765
SIGI,2017,Q1,0.1236447811126709
SIGI,2017,Q2,0.14786768920959964
SIGI,2017,Q3,0.16148044699329442
SIGI,2017,Q4,0.12142864570898168
SIGI,2018,Q1,0.15806647258646347
SIGI,2018,Q2,0.2125714063644409
SIGI,2018,Q3,0.1497939932677481
SIGI,2018,Q4,0.20109887219764092
SIGI,2019,Q1,0.1245002826054891
SIGI,2019,Q2,0.14834041992823283
SIGI,2019,Q3,0.035931094334675714
SIGI,2019,Q4,0.2011621739413287
SIGI,2020,Q1,0.2318971355756124
SIGI,2020,Q2,0.22688503923087283
SIGI,2020,Q3,0.09003960264140162
SIGI,2020,Q4,0.11838929400299535
SIGI,2021,Q1,0.17329548547665277
SIGI,2021,Q2,0.13991982117295265
SIGI,2021,Q3,0.23641959875822066
SIGI,2021,Q4,0.08582502824288828
SIGI,2022,Q1,0.03647652640938759
SIGI,2022,Q2,0.1484671391938862
SIGI,2022,Q3,0.20915283475603377
SIGI,2022,Q4,0.11711280260767255
SIGI,2023,Q1,0.1785942018032074
SIGI,2023,Q2,0.22846296571549915
SIGI,2023,Q3,0.3224982023239136
SIGI,2023,Q4,0.019068993903972483
SIGI,2024,Q1,0.11346325278282166
SIGI,2024,Q2,0.10401914689851843
SIGI,2024,Q3,0.13263351452059863
SIGI,2024,Q4,0.0812392771244049
SKWD,2022,Q4,0.05551901087164879
SKWD,2023,Q1,0.3464101105928421
SKWD,2023,Q2,0.06735690576689583
SKWD,2023,Q3,0.1404500554005305
SKWD,2023,Q4,0.08582686836069281
SKWD,2024,Q1,0.13342199155262538
SKWD,2024,Q2,0.2337050437927246
SKWD,2024,Q3,0.1988438321993901
SREN,2010,Q2,0.13201386332511902
SREN,2010,Q4,0.07822227776050568
SREN,2011,Q1,0.05601741285885082
SREN,2011,Q2,0.06791367997293887
SREN,2011,Q3,0.14403671568090265
SREN,2011,Q4,0.085565698998315
SREN,2012,Q1,0.14214549122787104
SREN,2012,Q2,0.0
SREN,2012,Q3,0.14516870063893936
SREN,2012,Q4,0.0
SREN,2013,Q1,0.1292372445265452
SREN,2013,Q2,0.09943255019742389
SREN,2013,Q3,0.2739719463431317
SREN,2013,Q4,0.1291895102370869
SREN,2014,Q1,0.061162228169648544
SREN,2014,Q2,0.06680791292871749
SREN,2014,Q3,0.09818142890930176
SREN,2014,Q4,0.0
SREN,2015,Q1,0.09657042026519777
SREN,2015,Q2,0.0
SREN,2015,Q3,0.07240879741208307
SREN,2015,Q4,0.058616042137145996
SREN,2016,Q1,0.14144853502511978
SREN,2016,Q2,0.22870331652024212
SREN,2016,Q3,0.056961949914693825
SREN,2016,Q4,0.10382852133582621
SREN,2017,Q1,0.0
SREN,2017,Q2,0.08251171973016527
SREN,2017,Q3,0.17131755011422292
SREN,2017,Q4,0.08944109578927358
SREN,2018,Q1,0.11379901358955785
SREN,2018,Q2,0.051690686494112015
SREN,2018,Q3,0.1186230219900608
SREN,2018,Q4,0.04825392961502075
SREN,2019,Q1,0.24775965015093485
SREN,2019,Q2,0.029266219586133957
SREN,2019,Q3,0.3404890020688375
SREN,2019,Q4,0.1328440214458265
SREN,2020,Q1,0.11966127595480751
SREN,2020,Q2,0.05106928656178136
SREN,2020,Q3,0.1595195029911242
SREN,2020,Q4,0.1909461892568148
SREN,2021,Q1,0.1938866674900055
SREN,2021,Q2,0.12828879886203343
SREN,2021,Q3,0.2139233946800232
SREN,2021,Q4,0.0
SREN,2022,Q1,0.2758575201034546
SREN,2022,Q2,0.0
SREN,2022,Q3,0.2031797856092453
SREN,2022,Q4,0.09245363412759243
SREN,2023,Q1,0.2755255699157715
SREN,2023,Q2,0.11092919240827145
SREN,2023,Q3,0.0
SREN,2023,Q4,0.0
SREN,2024,Q1,0.21011067353762114
SREN,2024,Q2,0.19632015347480775
SREN,2024,Q3,0.14567247720865104
THG,2007,Q4,0.20639218035198392
THG,2008,Q1,0.31438885973050046
THG,2008,Q2,0.16570403973261516
THG,2008,Q3,0.36438313743163797
THG,2008,Q4,0.25813284341026754
THG,2009,Q1,0.4004099178314209
THG,2009,Q2,0.36894458035628
THG,2009,Q3,0.16315274685621262
THG,2009,Q4,0.08056835423816334
THG,2010,Q1,0.17532105290371439
THG,2010,Q2,0.20262738317251205
THG,2010,Q3,0.09390330910682679
THG,2010,Q4,0.347273235137646
THG,2011,Q1,0.3344436122311486
THG,2011,Q2,0.2827658928357638
THG,2011,Q3,0.2426171398931934
THG,2011,Q4,0.3435120147627753
THG,2012,Q1,0.20259399771690367
THG,2012,Q2,0.10291856775681178
THG,2012,Q3,0.10638076066970825
THG,2012,Q4,0.1949847684456752
THG,2013,Q1,0.2016107141971588
THG,2013,Q2,0.21724961084478042
THG,2013,Q3,0.23690052164925468
THG,2013,Q4,0.0369989554087321
THG,2014,Q1,0.15853234132130942
THG,2014,Q2,0.33752731879552206
THG,2014,Q3,0.2000848783387078
THG,2014,Q4,0.153655344247818
THG,2015,Q1,0.15018098354339598
THG,2015,Q2,0.26873910427093506
THG,2015,Q3,0.16734921080725534
THG,2015,Q4,0.08277087211608887
THG,2016,Q1,0.16542556725050273
THG,2016,Q2,0.24585404396057128
THG,2016,Q3,0.21058801124835835
THG,2016,Q4,0.12142128816672734
THG,2017,Q1,0.22137286036442488
THG,2017,Q2,0.15491159374897295
THG,2017,Q3,0.19813358241861517
THG,2017,Q4,0.2542699384689331
THG,2018,Q1,0.19170907698571682
THG,2018,Q2,0.13468647886205604
THG,2018,Q3,0.2750647008419037
THG,2018,Q4,0.3147751021385193
THG,2019,Q1,0.08150021166637025
THG,2019,Q2,0.26197850704193115
THG,2019,Q3,0.13185088634490966
THG,2019,Q4,0.254958875477314
THG,2020,Q1,0.2249924435335047
THG,2020,Q2,0.04628729820251465
THG,2020,Q3,0.20387748181819915
THG,2020,Q4,0.20367609603064402
THG,2021,Q1,0.1388082823583058
THG,2021,Q2,0.11849059393772712
THG,2021,Q3,0.23259851226100214
THG,2021,Q4,0.05905474149263822
THG,2022,Q1,0.10943167105964992
THG,2022,Q2,0.13661983880129727
THG,2022,Q3,0.20491557382047176
THG,2022,Q4,0.18171516748575064
THG,2023,Q1,0.13065260350704194
THG,2023,Q2,0.17886881665749985
THG,2023,Q3,0.08475947380065918
THG,2023,Q4,0.05629886473928179
THG,2024,Q1,0.12416405479113261
THG,2024,Q2,0.04988511119570051
THG,2024,Q3,0.2500868176038449
TIPT,2014,Q4,0.0
TIPT,2015,Q3,0.0
TIPT,2016,Q4,0.295761239528656
TIPT,2017,Q1,0.49255754550298053
TIPT,2017,Q2,0.0
TIPT,2017,Q3,0.0
TIPT,2017,Q4,0.5405442416667938
TIPT,2018,Q1,0.0
TIPT,2018,Q2,0.0
TIPT,2019,Q4,0.0
TIPT,2020,Q1,0.0
TIPT,2020,Q2,0.3226722280184428
TIPT,2020,Q3,0.30708422263463336
TIPT,2021,Q1,0.0
TIPT,2021,Q2,0.0
TIPT,2021,Q4,0.0
TIPT,2022,Q1,0.0
TIPT,2022,Q3,0.0
TIPT,2022,Q4,0.0
TIPT,2023,Q1,0.0
TIPT,2023,Q2,0.0
TIPT,2023,Q3,0.0
TIPT,2024,Q1,0.0
TIPT,2024,Q2,0.0
TRV,2007,Q4,0.3017923176288605
TRV,2008,Q1,0.34082763303409924
TRV,2008,Q2,0.42520639475654154
TRV,2008,Q3,0.16295204311609265
TRV,2008,Q4,0.15868109464645386
TRV,2009,Q3,0.3926877048280504
TRV,2009,Q4,0.1740464676510204
TRV,2010,Q2,0.38260209560394287
TRV,2010,Q3,0.20862555503845212
TRV,2010,Q4,0.2888910546898842
TRV,2011,Q2,0.29411030262708665
TRV,2011,Q3,0.13572885751724242
TRV,2011,Q4,0.16245639324188232
TRV,2012,Q2,0.21715298765584043
TRV,2012,Q3,0.052189157289617205
TRV,2012,Q4,0.07937598625818888
TRV,2013,Q1,0.06099243834614754
TRV,2013,Q2,0.15408410680921455
TRV,2013,Q3,0.13508821752938358
TRV,2013,Q4,0.04872128069400788
TRV,2014,Q1,0.04207762650081089
TRV,2014,Q2,0.06733099028870866
TRV,2014,Q3,0.036444008350372314
TRV,2014,Q4,0.12043382933265284
TRV,2015,Q1,0.1083405680126614
TRV,2015,Q2,0.0629962467485004
TRV,2015,Q3,0.05278344750404358
TRV,2015,Q4,0.0
TRV,2016,Q1,0.10482160834705129
TRV,2016,Q2,0.09150581700461251
TRV,2016,Q3,0.0
TRV,2016,Q4,0.053396509753333196
TRV,2017,Q1,0.10523943106333414
TRV,2017,Q2,0.4424107579084543
TRV,2017,Q3,0.15422931029683068
TRV,2017,Q4,0.3512402832508087
TRV,2018,Q1,0.10598804553349812
TRV,2018,Q2,0.27758861671794544
TRV,2018,Q3,0.12519607298514424
TRV,2018,Q4,0.17317364344725739
TRV,2019,Q1,0.057446455254274255
TRV,2019,Q2,0.18117939591407775
TRV,2019,Q3,0.11421013126770656
TRV,2019,Q4,0.03695611726670038
TRV,2020,Q1,0.23881066658280112
TRV,2020,Q2,0.3387145707684179
TRV,2020,Q3,0.15272784814601992
TRV,2020,Q4,0.12141304325174403
TRV,2021,Q1,0.0592827836672465
TRV,2021,Q2,0.09741644518715994
TRV,2021,Q3,0.21424757838249206
TRV,2021,Q4,0.0
TRV,2022,Q1,0.2085642615954081
TRV,2022,Q2,0.24763501882553102
TRV,2022,Q3,0.29275043759235114
TRV,2022,Q4,0.05308833360671997
TRV,2023,Q1,0.08224359750747681
TRV,2023,Q2,0.19100499412287836
TRV,2023,Q3,0.2559479883423558
TRV,2023,Q4,0.0834150753523174
TRV,2024,Q1,0.15859129693773058
TRV,2024,Q2,0.10000487089157105
TRV,2024,Q3,0.21823289302679208
TRV,2024,Q4,0.04066315450166401
UVE,2015,Q2,0.09869829565286636
UVE,2015,Q3,0.2543098585946219
UVE,2015,Q4,0.146707221865654
UVE,2016,Q1,0.0897083580493927
UVE,2016,Q2,0.08190885517332289
UVE,2016,Q3,0.08655816316604614
UVE,2016,Q4,0.04233881143423227
UVE,2017,Q1,0.0
UVE,2017,Q2,0.21305907400030838
UVE,2017,Q3,0.14925704275568327
UVE,2017,Q4,0.12774413444779137
UVE,2018,Q1,0.07843526889537943
UVE,2018,Q2,0.1356632529303085
UVE,2018,Q3,0.1324583739042282
UVE,2018,Q4,0.17012974106032272
UVE,2019,Q1,0.06707191136148241
UVE,2019,Q2,0.045933942000071205
UVE,2019,Q3,0.13108588519849276
UVE,2019,Q4,0.14336226135492325
UVE,2020,Q1,0.07518065297925794
UVE,2020,Q2,0.15586661375485933
UVE,2020,Q3,0.17840887819017684
UVE,2020,Q4,0.08073265397030374
UVE,2021,Q1,0.06764666239420573
UVE,2021,Q2,0.027741968631744385
UVE,2021,Q3,0.0
UVE,2021,Q4,0.05443049560893665
UVE,2022,Q1,0.0
UVE,2022,Q2,0.0
UVE,2022,Q3,0.1649201926977738
UVE,2022,Q4,0.0
UVE,2023,Q1,0.0
UVE,2023,Q3,0.0
UVE,2023,Q4,0.0
UVE,2024,Q1,0.16252451141675314
UVE,2024,Q2,0.15416658918062845
UVE,2024,Q3,0.0958162009716034
WRB,2007,Q3,0.43337197601795197
WRB,2008,Q1,0.4669116735458374
WRB,2008,Q2,0.16023245652516682
WRB,2008,Q3,0.3328931272029877
WRB,2009,Q1,0.12043244391679765
WRB,2010,Q1,0.1981499663421086
WRB,2010,Q2,0.07879734039306639
WRB,2010,Q3,0.1942769620153639
WRB,2010,Q4,0.07325858374436696
WRB,2011,Q1,0.17050271800586156
WRB,2011,Q2,0.47507459421952564
WRB,2011,Q3,0.25959034476961407
WRB,2011,Q4,0.20293119177222252
WRB,2012,Q1,0.14921600981192154
WRB,2012,Q2,0.12777651611127352
WRB,2012,Q3,0.3234952464699745
WRB,2012,Q4,0.18109717058098834
WRB,2013,Q1,0.0
WRB,2013,Q2,0.038820713758468635
WRB,2013,Q3,0.08280847469965617
WRB,2013,Q4,0.2985725936136748
WRB,2014,Q1,0.09969826870494419
WRB,2014,Q3,0.0735426318077814
WRB,2014,Q4,0.12500624303464536
WRB,2015,Q1,0.27933041751384735
WRB,2015,Q2,0.08080421388149261
WRB,2015,Q3,0.1346723437309265
WRB,2015,Q4,0.2623201560974121
WRB,2016,Q1,0.09656834952971514
WRB,2016,Q2,0.101567592471838
WRB,2016,Q3,0.1168481733488
WRB,2016,Q4,0.22088080644607544
WRB,2017,Q1,0.16714950799942016
WRB,2017,Q2,0.33949878540906037
WRB,2017,Q3,0.24620259470409817
WRB,2017,Q4,0.41530486941337585
WRB,2018,Q1,0.33140502477947037
WRB,2018,Q2,0.25168313781420387
WRB,2018,Q3,0.20599851806958516
WRB,2018,Q4,0.16004820002449882
WRB,2019,Q1,0.04780084788799286
WRB,2019,Q2,0.0871234999762641
WRB,2019,Q3,0.16757264733314514
WRB,2019,Q4,0.0
WRB,2020,Q1,0.08036004172431098
WRB,2020,Q2,0.24088436081295922
WRB,2020,Q3,0.23465871095657348
WRB,2020,Q4,0.15262215787714178
WRB,2021,Q1,0.12236236674445015
WRB,2021,Q2,0.21074220362831564
WRB,2021,Q3,0.10555023193359375
WRB,2021,Q4,0.10706611156463623
WRB,2022,Q1,0.13526853422323862
WRB,2022,Q2,0.20197583734989166
WRB,2022,Q3,0.07491819262504577
WRB,2022,Q4,0.06705582652773176
WRB,2023,Q1,0.11176268641765301
WRB,2023,Q2,0.18360205235019808
WRB,2023,Q3,0.18900157665384226
WRB,2023,Q4,0.03133924802144368
WRB,2024,Q1,0.06927303473154704
WRB,2024,Q2,0.0628289779027303
WRB,2024,Q3,0.11736666872387841
WRB,2024,Q4,0.10601069927215576
ZURN,2015,Q1,0.0
ZURN,2015,Q2,0.1671750009059906
ZURN,2015,Q3,0.10139705075158013
ZURN,2015,Q4,0.04926950366873491
ZURN,2016,Q1,0.04635109645979745
ZURN,2016,Q2,0.0
ZURN,2016,Q3,0.04925904203863705
ZURN,2016,Q4,0.0
ZURN,2017,Q1,0.0
ZURN,2017,Q2,0.06453852220015092
ZURN,2017,Q3,0.08746049106121064
ZURN,2017,Q4,0.08156131443224456
ZURN,2018,Q1,0.1509920358657837
ZURN,2018,Q2,0.1891284016045657
ZURN,2018,Q3,0.22355844577153525
ZURN,2018,Q4,0.0
ZURN,2019,Q2,0.08830426633358002
ZURN,2019,Q3,0.0
ZURN,2019,Q4,0.08652001619338989
ZURN,2020,Q1,0.034839161804744175
ZURN,2020,Q2,0.0679791612284524
ZURN,2020,Q3,0.0
ZURN,2020,Q4,0.13025211370908296
ZURN,2021,Q1,0.0
ZURN,2021,Q2,0.12298799355824788
ZURN,2021,Q3,0.04337491591771444
ZURN,2021,Q4,0.0
ZURN,2022,Q1,0.0
ZURN,2022,Q2,0.0
ZURN,2022,Q3,0.1159059449478432
ZURN,2022,Q4,0.06635656456152599
ZURN,2023,Q1,0.09453351497650146
ZURN,2023,Q2,0.11883514374494553
ZURN,2023,Q3,0.0
ZURN,2023,Q4,0.08809705972671508
ZURN,2024,Q1,0.0
