year,quarter,keyword,avg_finbert_negative,avg_vader_negative,count,avg_gpt_negative
2007,Q1,flood,0.0007992309983819,0.0,1,0.0
2007,Q1,loss ratios,0.0006007989868521,0.111,1,0.0
2007,Q2,catastrophe,0.2729856505716209,0.17709090909090908,11,0.11457324945009671
2007,Q2,earthquake,0.8884888291358948,0.0,1,0.0
2007,Q2,flood,0.38960431854502525,0.0,5,0.0
2007,Q2,hurricane,0.30524165422449195,0.054,4,0.2219212225505284
2007,Q2,loss ratios,9.638613202213297e-05,0.22466666666666668,3,0.313072403271993
2007,Q2,rate increases,0.00575310228547699,0.0,3,0.0
2007,Q2,reinsurance,0.04829817452831908,0.011545454545454546,22,0.11811929941177368
2007,Q2,risk assessment,2.3327444864662542e-08,0.206,1,0.0
2007,Q2,sustainability initiatives,1.0603884881277281e-08,0.0,1,0.0
2007,Q3,catastrophe,0.3251301144641047,0.18262499999999998,32,0.29820421167782374
2007,Q3,earthquake,0.20890056469943372,0.0,2,0.2497243285179138
2007,Q3,flood,0.029217411298304748,0.0,2,0.0
2007,Q3,hurricane,0.3265675740592637,0.00966666666666665,6,0.2130671977996826
2007,Q3,loss ratios,0.1204963883201711,0.13874999999999998,8,0.08130041758219402
2007,Q3,market exposure,4.499002534430474e-05,0.0,1,0.0
2007,Q3,market volatility,3.907745394826634e-06,0.0,1,0.0
2007,Q3,rate increases,0.327737894913298,0.0,4,0.17346115112304689
2007,Q3,reinsurance,0.23002341001918197,0.04704545454545454,66,0.15762817928160744
2007,Q3,wildfire,0.05086170370729327,0.007666666666666666,3,0.0
2007,Q4,capital markets,0.2502080213366859,0.15774999999999997,4,0.13034485493387496
2007,Q4,catastrophe,0.3465505813362478,0.18735555555555553,45,0.33969532946745556
2007,Q4,earthquake,0.9999902844429016,0.0895,2,0.9471217393875122
2007,Q4,flood,0.2000241252447271,0.024399999999999998,5,0.18749356269836423
2007,Q4,hurricane,0.51200068127946,0.1075,4,0.3306877948343754
2007,Q4,insured losses,0.9318651556968688,0.1369999999999999,1,0.0
2007,Q4,loss ratios,0.036961631841222926,0.1283076923076923,13,0.16846449034554617
2007,Q4,market volatility,0.06343104757965533,0.047,4,0.17445702850818634
2007,Q4,portfolio risk,1.1972282436545356e-06,0.081,1,0.0
2007,Q4,rate increases,0.11632752324599692,0.04099999999999999,9,0.0
2007,Q4,reinsurance,0.17803993362175136,0.03992592592592593,108,0.13130562235839174
2007,Q4,stress testing,0.4552787615793932,0.15699999999999995,2,0.4631481170654297
2007,Q4,wildfire,0.4825477554622921,0.14266666666666664,6,0.40847248690468924
2008,Q1,capital adequacy,6.592753925360738e-05,0.0,1,0.0
2008,Q1,capital markets,0.19919641300803045,0.0477,10,0.08559415052677023
2008,Q1,catastrophe,0.4405059962922718,0.18788636363636363,44,0.3865295737347704
2008,Q1,earthquake,0.20412667747405064,0.006999999999999987,8,0.1688001589341597
2008,Q1,economic losses,0.4932150230742991,0.107,2,0.0
2008,Q1,financial risk,0.1864103227853775,0.144,1,0.0
2008,Q1,hurricane,0.11344476271187881,0.05375,4,0.12455846071243286
2008,Q1,loss ratios,0.13090430135009348,0.1214,15,0.13347951571146646
2008,Q1,market volatility,0.3330232698707297,0.0125,8,0.32235756516456604
2008,Q1,portfolio risk,1.464913657400757e-05,0.081,1,0.0
2008,Q1,rate increases,0.15789612390602945,0.024375,8,0.0
2008,Q1,reinsurance,0.20492198634274217,0.0420632911392405,79,0.14592636426289876
2008,Q1,risk assessment,1.3368508916755673e-05,0.061,1,0.0
2008,Q1,stress testing,0.0016131283482536,0.38,1,0.0
2008,Q2,business interruption,0.0036071920767426,0.123,1,0.0
2008,Q2,capital adequacy,0.2591942846775055,0.0,1,0.0
2008,Q2,capital markets,0.22809126923004175,0.02375,8,0.05139595535066393
2008,Q2,catastrophe,0.35199655719658296,0.20099999999999998,67,0.3732732977185931
2008,Q2,earthquake,0.2981057856231928,0.188,2,0.2665543754895528
2008,Q2,economic losses,0.9311545789241791,0.2825,2,0.7709195911884308
2008,Q2,financial exposure,0.2264906167984009,0.0,1,0.6746357083320618
2008,Q2,financial risk,0.2884168326854706,0.131,1,0.0
2008,Q2,flood,0.413311956967953,0.05157142857142857,14,0.31774699687957764
2008,Q2,hurricane,0.6221718756055452,0.03,8,0.14959438057506785
2008,Q2,loss ratios,0.15884714692215784,0.11822222222222223,18,0.10626100152730941
2008,Q2,market volatility,2.0234018904830012e-08,0.0,1,0.0
2008,Q2,portfolio risk,3.0648054234916344e-05,0.057,1,0.0
2008,Q2,rate increases,0.14859638409689063,0.012,5,0.0
2008,Q2,reinsurance,0.2564975187050537,0.05054054054054054,74,0.16570684836082852
2008,Q2,risk assessment,0.0053993863984942,0.093,1,0.0
2008,Q2,underwriting losses,0.42102376138791436,0.11249999999999995,2,0.4134993851184845
2008,Q3,capital adequacy,0.0006775319131236899,0.0155,4,0.0
2008,Q3,capital markets,0.38903185390113926,0.056124999999999994,16,0.07704520394856279
2008,Q3,catastrophe,0.3688398399864722,0.1985301204819277,83,0.3714875191129664
2008,Q3,flood,0.0007431669946526881,0.0,2,0.5804396092891693
2008,Q3,hurricane,0.5766051284502995,0.08622222222222221,36,0.4290384632903476
2008,Q3,loss ratios,0.5709688180808712,0.13028571428571428,7,0.3492610255877177
2008,Q3,market volatility,0.2989689975722781,0.04257142857142858,7,0.36946054867335726
2008,Q3,portfolio risk,0.0001054458480211,0.045,1,0.0
2008,Q3,rate increases,0.1888754380413003,0.02727272727272727,11,0.04855120678742727
2008,Q3,reinsurance,0.21781068631388956,0.042016,125,0.16549224165123952
2008,Q3,stress testing,0.9941861629486084,0.123,1,0.0
2008,Q3,underwriting losses,0.9999994039535522,0.178,1,0.9386380612850189
2008,Q4,capital adequacy,0.3333332240838693,0.07566666666666666,3,0.2863680919011434
2008,Q4,capital markets,0.49183882201800266,0.09733333333333333,9,0.062160880669303566
2008,Q4,catastrophe,0.31940777867638515,0.21424074074074073,54,0.3008018033717995
2008,Q4,earthquake,0.1905458270991964,0.024666666666666667,3,0.0
2008,Q4,economic losses,0.999974250793457,0.187,1,0.8343824148178101
2008,Q4,financial exposure,4.924086624669144e-06,0.0,1,0.0
2008,Q4,financial risk,0.9999997615814208,0.245,1,0.9641258120536804
2008,Q4,flood,0.3333414262854906,0.02,3,0.31735603014628094
2008,Q4,hurricane,0.5713192858565229,0.07966666666666668,12,0.4314820250949344
2008,Q4,loss ratios,0.0006405554234323819,0.14719999999999997,5,0.0
2008,Q4,market volatility,0.6667271830665413,0.068,3,0.6264918843905131
2008,Q4,portfolio risk,0.00398608850082375,0.0905,2,0.0
2008,Q4,premium increases,0.0002001487882807,0.0,1,0.682935357093811
2008,Q4,rate increases,0.15979161170734454,0.03283333333333332,18,0.05700207840312611
2008,Q4,reinsurance,0.2283993306367843,0.046676470588235285,102,0.18438846535152859
2008,Q4,risk assessment,0.0004590202879626,0.127,1,0.0
2008,Q4,risk modeling,0.999997854232788,0.2739999999999999,1,0.9526222944259644
2008,Q4,stress testing,0.0077094263397157,0.095,1,0.0
2008,Q4,wildfire,0.9999992847442628,0.188,1,0.9537389477094015
2009,Q1,business interruption,0.00124866690021,0.1669999999999999,1,0.0
2009,Q1,capital adequacy,0.007620656132587543,0.0514,5,0.0
2009,Q1,capital markets,0.27473369744643605,0.059624999999999984,8,0.02421475499868393
2009,Q1,catastrophe,0.367277178854363,0.21597999999999998,50,0.39105587559086935
2009,Q1,disaster recovery,0.0161945689469575,0.142,1,0.0
2009,Q1,earthquake,0.9989057779312134,0.141,2,0.3222412864367167
2009,Q1,flood,0.13086068670009288,0.039599999999999996,5,0.22961994260549545
2009,Q1,hurricane,0.2462812623061836,0.07175,4,0.1356098254521688
2009,Q1,loss ratios,0.19788612543197814,0.1715,2,0.25749798331941876
2009,Q1,market volatility,0.9413179159164428,0.0,1,0.7172511219978333
2009,Q1,rate increases,0.15843737479796194,0.015117647058823517,17,0.0746849000453949
2009,Q1,reinsurance,0.18424195363824494,0.044253012048192764,83,0.12440164866192001
2009,Q1,underwriting losses,0.9974809288978576,0.091,1,0.7683693170547485
2009,Q2,capital adequacy,1.692753804460878e-05,0.05625,4,0.0
2009,Q2,capital markets,0.0001111691526602,0.073,1,0.019091506799062092
2009,Q2,catastrophe,0.3398416799321785,0.24770270270270267,37,0.44215490323741263
2009,Q2,climate change,4.022598659503274e-05,0.0,1,0.0
2009,Q2,drought,0.9998733997344972,0.055,1,0.0
2009,Q2,earthquake,0.3333278972352976,0.0,3,0.0
2009,Q2,hurricane,0.009917905816716135,0.011000000000000001,3,0.0
2009,Q2,loss ratios,0.2391726307730711,0.14157142857142854,14,0.11093537597095265
2009,Q2,market volatility,2.630761457567133e-07,0.0,1,0.0
2009,Q2,rate increases,0.27756152487475877,0.05966666666666666,15,0.08898698911070824
2009,Q2,reinsurance,0.14173462847978036,0.04248648648648648,74,0.10601449340581894
2009,Q2,stress testing,6.11676114203874e-08,0.064,1,0.0
2009,Q2,underwriting losses,4.423203336045845e-06,0.163,1,0.9304952025413512
2009,Q3,capital adequacy,3.738673445184443e-05,0.028999999999999998,3,0.0
2009,Q3,capital markets,3.6150716170579855e-08,0.0,4,0.0
2009,Q3,catastrophe,0.24706901556262684,0.17731481481481481,54,0.33624635813599923
2009,Q3,earthquake,0.3453243275039962,0.04328571428571428,7,0.18996591120958328
2009,Q3,flood,0.9999148845672607,0.05049999999999995,2,0.4784017503261566
2009,Q3,hurricane,0.3751129785825156,0.05324999999999998,8,0.46620627244313556
2009,Q3,loss ratios,0.0878457599309564,0.13174999999999998,12,0.13352075881428188
2009,Q3,market volatility,0.0390821695327758,0.0,1,0.5405064225196838
2009,Q3,policy cancellations,0.4813132286071777,0.0,1,0.637271523475647
2009,Q3,premium increases,0.0023500944953411,0.104,1,0.0
2009,Q3,rate increases,0.17483339779700283,0.019,21,0.03309407472610473
2009,Q3,reinsurance,0.12216575506631547,0.05742666666666666,75,0.12499721556901931
2009,Q3,underwriting losses,0.4999701107199428,0.0865,2,0.4768235981464386
2009,Q3,wildfire,0.004043651279062,0.0,1,0.0
2009,Q4,capital adequacy,6.720560441396785e-05,0.0435,2,0.0
2009,Q4,capital markets,2.3260586545781334e-07,0.0,4,0.044294450212927425
2009,Q4,catastrophe,0.2397273038154578,0.20318604651162792,43,0.19719883862962115
2009,Q4,claims reserves,0.27251338821952226,0.02125,4,0.3272714018821716
2009,Q4,earthquake,0.4686206030946778,0.057,2,0.4766876995563507
2009,Q4,financial exposure,0.0001674533996265,0.134,1,0.0
2009,Q4,flood,0.9989487528800964,0.152,1,0.5103756189346313
2009,Q4,hurricane,0.46617289281990004,0.068,10,0.4055764079093933
2009,Q4,loss ratios,0.18064046159496494,0.15118181818181817,11,0.06587658609662737
2009,Q4,market volatility,0.002353317286065202,0.035,2,0.0
2009,Q4,premium increases,1.234196479238392e-05,0.102,2,0.0
2009,Q4,rate increases,0.116661764845004,0.02881818181818182,22,0.0
2009,Q4,reinsurance,0.19192791829369044,0.047602150537634405,93,0.2178608998656273
2009,Q4,underwriting losses,0.9999567866325378,0.08149999999999995,2,0.9356832504272461
2009,Q4,wildfire,0.5028227441944181,0.0,2,0.4832911491394043
2010,Q1,capital adequacy,2.2396763554866084e-08,0.087,1,0.0
2010,Q1,capital markets,2.7455425660738442e-05,0.0,2,0.021451378152483984
2010,Q1,catastrophe,0.2726325649411759,0.14815584415584415,77,0.2851440822466826
2010,Q1,claims reserves,0.0119033437222242,0.0,1,0.0
2010,Q1,earthquake,0.5904575019310869,0.10085,20,0.38895112817937677
2010,Q1,economic losses,0.9999436140060424,0.204,1,0.8112050294876099
2010,Q1,flood,0.49992507154159327,0.04125,4,0.46243447065353394
2010,Q1,hurricane,0.002320640850257358,0.03325,4,0.0
2010,Q1,loss ratios,0.15100942982520135,0.1757142857142857,7,0.19526218284260144
2010,Q1,premium increases,0.9299070835113524,0.078,1,0.567981481552124
2010,Q1,rate increases,0.07419063857798448,0.030071428571428575,14,0.11473846808075905
2010,Q1,reinsurance,0.21135916490732212,0.046241758241758246,91,0.14771040575998323
2010,Q1,underwriting losses,0.9880446791648864,0.125,1,0.0
2010,Q2,business interruption,0.2231619507074356,0.142,1,0.0
2010,Q2,capital adequacy,0.4794186772887344,0.0405,2,0.17473217844963074
2010,Q2,capital markets,0.6681592001890143,0.0,3,0.019343044076647078
2010,Q2,catastrophe,0.28503362495252366,0.1938947368421053,95,0.2713884469306115
2010,Q2,earthquake,0.5075901385248699,0.08433333333333333,15,0.1979421783577312
2010,Q2,flood,0.5280980791139882,0.07525,4,0.1563318046656522
2010,Q2,hurricane,0.33403724069810575,0.05233333333333333,9,0.05766593492948092
2010,Q2,loss ratios,0.09648391910634704,0.1434375,16,0.11680396036668257
2010,Q2,market volatility,8.216418462512252e-05,0.0,2,0.0
2010,Q2,premium increases,0.6507700729004379,0.08366666666666663,3,0.45206429560979206
2010,Q2,rate increases,0.09954699220888746,0.01683333333333333,36,0.057817115233494684
2010,Q2,reinsurance,0.1616794715629366,0.047889999999999995,100,0.12276009168506653
2010,Q2,stress testing,0.2373290210962295,0.095,1,0.0
2010,Q2,underwriting losses,0.5334608070552349,0.13,4,0.8666661381721497
2010,Q3,capital adequacy,2.5266597480921865e-07,0.041999999999999996,4,0.0
2010,Q3,capital markets,0.024632733548059997,0.1005,2,0.0
2010,Q3,catastrophe,0.3138560641291525,0.22627777777777777,54,0.39758474858743803
2010,Q3,claims reserves,0.2202506363391876,0.168,1,0.4814976751804352
2010,Q3,earthquake,0.5699461244013426,0.09157142857142857,14,0.3381536217296825
2010,Q3,flood,0.07488009473308915,0.0545,2,0.2395069748163223
2010,Q3,hurricane,0.8876126855611801,0.038,4,0.42737508565187454
2010,Q3,loss ratios,0.16256001633162626,0.15563636363636363,11,0.07153893434084378
2010,Q3,market volatility,0.06320592295378445,0.06749999999999995,2,0.0
2010,Q3,rate increases,0.09870924552921338,0.02165,20,0.0
2010,Q3,reinsurance,0.1953086772713652,0.047488888888888886,90,0.18250104519400265
2010,Q4,business interruption,0.0278060603886842,0.263,1,0.6788355708122253
2010,Q4,capital adequacy,0.00017248523271828185,0.02575,4,0.0
2010,Q4,capital markets,0.26999615197580223,0.025363636363636366,11,0.0
2010,Q4,catastrophe,0.40451425824671594,0.19913888888888887,72,0.3948360956028888
2010,Q4,claims reserves,0.005483485014577951,0.0,2,0.0
2010,Q4,earthquake,0.5136150623308111,0.0852,10,0.41971215854088467
2010,Q4,flood,0.2977646200845757,0.045294117647058825,17,0.18865769484947467
2010,Q4,hurricane,0.9255599081516266,0.06699999999999998,4,0.3195944964885712
2010,Q4,insured losses,0.0074520111083984,0.103,1,0.0
2010,Q4,loss ratios,0.0840091765562246,0.11966666666666666,12,0.0
2010,Q4,market exposure,1.1533613815117858e-06,0.0,1,0.0
2010,Q4,market volatility,0.0463631600141525,0.0,1,0.0
2010,Q4,premium increases,0.0190281048417091,0.103,1,0.0
2010,Q4,rate increases,0.08219511638383147,0.021640000000000003,25,0.02856295684288288
2010,Q4,reinsurance,0.2133920962078348,0.03733333333333333,93,0.136711814502875
2010,Q4,risk assessment,1.5922956286829047e-09,0.067,1,0.0
2010,Q4,underwriting losses,0.9999885956446329,0.12966666666666668,3,0.9735228617986044
2010,Q4,wildfire,0.990321695804596,0.114,1,0.8066281080245972
2011,Q1,business interruption,0.9063822031021118,0.098,1,0.8158769309520721
2011,Q1,capital adequacy,8.182144173484715e-05,0.0,3,0.0
2011,Q1,capital markets,0.3305906009418777,0.09339999999999996,5,0.0
2011,Q1,catastrophe,0.3042374226843228,0.21409448818897636,127,0.2868492772979458
2011,Q1,earthquake,0.549675697863317,0.08804444444444444,45,0.3604028344154358
2011,Q1,financial exposure,0.005524012025489331,0.077,2,0.0
2011,Q1,flood,0.3452739866214952,0.012545454545454547,11,0.25834528518759686
2011,Q1,hurricane,0.20076378282213295,0.03907692307692308,13,0.08724464037839104
2011,Q1,insured losses,0.9208837151527404,0.094,1,0.0
2011,Q1,loss ratios,0.00037254299970177824,0.1494285714285714,7,0.0
2011,Q1,market exposure,0.4804858876668731,0.0535,2,0.0
2011,Q1,natural disasters,0.9981529414653778,0.22000000000000003,2,0.4645454287528992
2011,Q1,premium increases,1.1290226753501997e-08,0.0745,2,0.0
2011,Q1,rate increases,0.09960685346096486,0.026828571428571424,35,0.023448894663554865
2011,Q1,reinsurance,0.21060810571429217,0.04633884297520661,121,0.17463263744240873
2011,Q2,business interruption,0.5032255044206977,0.1625,2,0.2909647524356842
2011,Q2,capital adequacy,0.0005082775506095444,0.038250000000000006,4,0.0
2011,Q2,capital markets,0.4285221198571857,0.10328571428571427,7,0.07049507147645297
2011,Q2,catastrophe,0.3375307590169153,0.19530219780219782,182,0.32720603111543156
2011,Q2,drought,0.4801993990937869,0.0,3,0.6439972996711731
2011,Q2,earthquake,0.419735004778202,0.06815,20,0.34957448059114915
2011,Q2,financial exposure,0.35521114359532174,0.05533333333333334,3,0.0
2011,Q2,financial risk,0.0001455295423511,0.215,1,0.0
2011,Q2,flood,0.8182865977287292,0.124,2,0.2861043870449066
2011,Q2,hurricane,0.2058910135460716,0.036733333333333326,15,0.14824473361174265
2011,Q2,insured losses,0.8099963665008545,0.1669999999999999,1,0.913305938243866
2011,Q2,loss ratios,0.11080805439692425,0.15577777777777777,9,0.19320801129707924
2011,Q2,market volatility,0.0005222814785277018,0.0,2,0.0
2011,Q2,natural disasters,0.5492331981658937,0.22999999999999998,2,0.479473739862442
2011,Q2,portfolio risk,0.0002271422999911,0.091,1,0.0
2011,Q2,rate increases,0.09502055342982833,0.026749999999999993,32,0.06453064618966518
2011,Q2,reinsurance,0.20653999762559935,0.053845454545454544,110,0.15849962057890715
2011,Q2,underwriting losses,0.2340675443410873,0.124,1,0.4769315123558044
2011,Q2,wildfire,0.5730870813131331,0.1255,2,0.4782377779483795
2011,Q3,capital adequacy,3.9029972572398225e-07,0.0,3,0.0
2011,Q3,capital markets,0.5005476193664814,0.050833333333333335,6,0.039462523101127314
2011,Q3,catastrophe,0.39778782343366675,0.21716788321167882,137,0.3518878249514023
2011,Q3,climate change,0.0007917770417407,0.1369999999999999,1,0.0
2011,Q3,drought,0.5063570309430361,0.0545,2,0.38647082448005676
2011,Q3,earthquake,0.483210057751872,0.1198235294117647,17,0.3830209750196208
2011,Q3,financial exposure,0.9867794513702391,0.0,1,0.9241642951965332
2011,Q3,flood,0.4022991405897755,0.06206249999999999,16,0.31831639479188356
2011,Q3,hurricane,0.512214584805574,0.06617391304347825,23,0.4524462133646011
2011,Q3,loss ratios,0.29879072208012436,0.1436,10,0.24219081302483877
2011,Q3,market volatility,0.40113458952826303,0.058461538461538454,13,0.49248847166697185
2011,Q3,premium increases,0.008441992501275294,0.0,2,0.0
2011,Q3,rate increases,0.10539235548326781,0.024507936507936506,63,0.03969557200159345
2011,Q3,reinsurance,0.12231805912177433,0.04797916666666666,96,0.12018343547116155
2011,Q3,stress testing,0.0011658573057502,0.094,1,0.0
2011,Q3,underwriting losses,0.43407640211239595,0.192,2,0.6185623407363892
2011,Q4,business interruption,0.9989279806613922,0.3355,2,0.4149709492921829
2011,Q4,capital adequacy,0.00016220859609357882,0.017714285714285714,7,0.0
2011,Q4,capital markets,0.07919178959368314,0.007230769230769231,13,0.041155128709731564
2011,Q4,catastrophe,0.34641276196177306,0.1890662251655629,151,0.27132634018979424
2011,Q4,drought,0.4999796244779695,0.12699999999999995,2,0.32271971305211383
2011,Q4,earthquake,0.268350055069246,0.06409090909090909,11,0.16574608286221823
2011,Q4,financial risk,0.1406282484531402,0.178,1,0.0
2011,Q4,flood,0.4968230675761255,0.08434782608695651,23,0.3213195353746414
2011,Q4,hurricane,0.004447312471711432,0.0,4,0.3618060350418091
2011,Q4,loss ratios,0.0149315730011433,0.0949,10,0.04211147342409406
2011,Q4,market volatility,0.3868846361474425,0.044875,8,0.28889555822719226
2011,Q4,natural disasters,0.993819534778595,0.12,1,0.0
2011,Q4,portfolio risk,0.0005418033106252,0.16,1,0.0
2011,Q4,premium increases,0.00031191439108898384,0.0,2,0.0
2011,Q4,rate increases,0.06690207980277157,0.02361111111111111,54,0.029059180328922886
2011,Q4,reinsurance,0.16712267202098416,0.036992187499999996,128,0.09466980326743353
2011,Q4,stress testing,0.0016540715005248,0.237,1,0.0
2011,Q4,underwriting losses,0.999985694885254,0.153,1,0.9703749418258668
2012,Q1,business interruption,0.0099377566948533,0.047,1,0.0
2012,Q1,capital adequacy,0.001015238936248137,0.0073999999999999995,5,0.0
2012,Q1,capital markets,0.03418109492721138,0.0026428571428571425,14,0.05048008428679572
2012,Q1,catastrophe,0.30787651514185593,0.1760686274509804,102,0.2316628112414173
2012,Q1,drought,0.9999994039535522,0.062,1,0.9528444409370422
2012,Q1,earthquake,0.422019532692963,0.05761538461538461,13,0.19509122873607435
2012,Q1,financial exposure,0.0001370678801322,0.0,1,0.0
2012,Q1,flood,0.38151393824470375,0.06533333333333334,3,0.31690648943185806
2012,Q1,hurricane,0.011279429620723579,0.04666666666666667,3,0.10406278371810913
2012,Q1,loss ratios,0.24753613724447435,0.13176190476190475,21,0.23741037914386162
2012,Q1,market volatility,0.1245450587951616,0.0798,5,0.0
2012,Q1,natural disasters,0.2425216436386108,0.206,1,0.0
2012,Q1,premium increases,0.00019572827849673814,0.0,2,0.0
2012,Q1,rate increases,0.05854097540673569,0.029064935064935064,77,0.07067580285825227
2012,Q1,reinsurance,0.11136721656948545,0.03446153846153846,117,0.09891247832112843
2012,Q1,risk modeling,0.49924480698246043,0.1575,2,0.4683290719985962
2012,Q2,capital adequacy,1.386660239677262e-05,0.0,4,0.0
2012,Q2,capital markets,0.17457707509580203,0.06899999999999999,6,0.04548174212960636
2012,Q2,catastrophe,0.30606544096507543,0.21016239316239316,117,0.23361629394234204
2012,Q2,drought,0.5728468830861589,0.08994117647058823,17,0.29560086131095886
2012,Q2,earthquake,0.2891481111575972,0.02614285714285714,7,0.3210594326257706
2012,Q2,financial exposure,0.5943729877471924,0.128,1,0.0
2012,Q2,flood,0.447864055948778,0.042124999999999996,8,0.3467078859155828
2012,Q2,hurricane,0.17463105426288175,0.038090909090909085,11,0.0
2012,Q2,loss ratios,0.33191853394505216,0.17839999999999998,15,0.27324467196184044
2012,Q2,market volatility,0.40533933829863317,0.053125,8,0.11899475753307343
2012,Q2,premium increases,0.3294892005251313,0.058666666666666666,3,0.199436624844869
2012,Q2,rate increases,0.05940929921732511,0.019999999999999993,73,0.04206824234940789
2012,Q2,reinsurance,0.13091473473802664,0.03743971631205674,141,0.12536433880979364
2012,Q2,scenario analysis,7.782537977618631e-06,0.0,1,0.0
2012,Q2,stress testing,0.0205856878310442,0.203,1,0.0
2012,Q2,underwriting losses,2.9628363336087208e-05,0.152,1,0.0
2012,Q2,wildfire,0.4998644762504795,0.147,2,0.2618405818939209
2012,Q3,business interruption,0.4083975475921761,0.14099999999999996,5,0.2622403860092163
2012,Q3,capital adequacy,8.109067549000317e-06,0.0,3,0.0
2012,Q3,capital markets,1.883337802155438e-05,0.0,2,0.0
2012,Q3,catastrophe,0.19835608211987066,0.23199074074074075,108,0.19518772969726755
2012,Q3,drought,0.6674050180849412,0.1512222222222222,9,0.4165417432785034
2012,Q3,earthquake,0.4058074862502205,0.04416666666666667,6,0.3410803824663162
2012,Q3,economic losses,0.0441341996192932,0.176,1,0.0
2012,Q3,flood,0.3018221141575126,0.0874074074074074,27,0.13215209342337944
2012,Q3,hurricane,0.4165944576081383,0.06881999999999999,50,0.23268209179242452
2012,Q3,loss ratios,0.45506102719632097,0.14609090909090908,11,0.1519622522241929
2012,Q3,rate increases,0.043596270979563596,0.04041666666666666,84,0.02494835792755594
2012,Q3,reinsurance,0.08680851460167781,0.0411875,144,0.10937565289480838
2012,Q3,stress testing,0.2302973419427872,0.144,1,0.0
2012,Q4,business interruption,0.2331364820711314,0.183,4,0.1666198968887329
2012,Q4,capital adequacy,0.0003959727002484797,0.01425,4,0.0
2012,Q4,capital markets,7.095480993868364e-06,0.01925,4,0.021384518146514892
2012,Q4,catastrophe,0.1626541771046569,0.18065546218487394,119,0.2455802042354909
2012,Q4,claims reserves,1.593147862877231e-05,0.0,1,0.0
2012,Q4,drought,0.4451935350047683,0.04133333333333333,9,0.3677153170108795
2012,Q4,earthquake,0.05477014449813086,0.06283333333333334,6,0.24552956223487854
2012,Q4,flood,0.31178940139327094,0.08654545454545454,11,0.3068849762280782
2012,Q4,hurricane,0.33229030288095357,0.07003703703703704,27,0.36763261337029307
2012,Q4,insured losses,0.3297734260559082,0.179,1,0.4718097150325775
2012,Q4,loss ratios,0.001804452524162558,0.1348,5,0.1070924202601115
2012,Q4,natural disasters,9.753382812505153e-08,0.15,1,0.0
2012,Q4,portfolio risk,1.0998444821552765e-08,0.166,1,0.0
2012,Q4,rate increases,0.04841397138205931,0.03734210526315789,76,0.027888954386991613
2012,Q4,reinsurance,0.12709970106553742,0.039548872180451125,133,0.13282439439761928
2012,Q4,underwriting losses,0.9999025464057922,0.131,3,0.94049471616745
2013,Q1,capital adequacy,1.4797798542076638e-08,0.0,2,0.0
2013,Q1,capital markets,0.0006077240340497304,0.0,3,0.02505080567465888
2013,Q1,catastrophe,0.3323221407446067,0.2091627906976744,86,0.264250852904477
2013,Q1,drought,0.5911264017940994,0.07775,4,0.4552312046289444
2013,Q1,earthquake,0.25489286424708546,0.0134,5,0.0
2013,Q1,extreme weather,0.997958779335022,0.0579999999999999,1,0.0
2013,Q1,flood,0.3256235041926999,0.05625,8,0.12313728247370039
2013,Q1,hurricane,0.3828319565153732,0.042333333333333334,9,0.17494186071249154
2013,Q1,loss ratios,0.08325082743541799,0.15383333333333332,12,0.0
2013,Q1,market volatility,7.090600107062527e-09,0.072,1,0.0
2013,Q1,premium increases,1.96806595340604e-05,0.0,1,0.0
2013,Q1,rate increases,0.05520769940382068,0.032958904109589036,73,0.03122278029405618
2013,Q1,reinsurance,0.12161146635870031,0.0335267175572519,131,0.11554266022224176
2013,Q1,stress testing,1.315103554588859e-05,0.15149999999999994,2,0.0
2013,Q2,business interruption,0.7947077751159668,0.193,1,0.0
2013,Q2,capital adequacy,0.24701314745033295,0.05325,4,0.0
2013,Q2,capital markets,0.006600507721183584,0.0,3,0.0
2013,Q2,catastrophe,0.3182609480096596,0.2092268041237113,97,0.254428408741951
2013,Q2,climate change,3.997834028268698e-07,0.0579999999999999,1,0.0
2013,Q2,drought,0.9970820546150208,0.0,1,0.0
2013,Q2,earthquake,0.6621898057319034,0.0,3,0.0
2013,Q2,extreme weather,0.0001167398077086,0.0,1,0.0
2013,Q2,financial risk,1.0640207648293655e-07,0.103,1,0.0
2013,Q2,flood,0.6488293958332962,0.07148275862068966,29,0.4281725646593632
2013,Q2,hurricane,0.13988877666815822,0.060374999999999984,8,0.06106753349304199
2013,Q2,loss ratios,0.07188030378911571,0.1621,10,0.08387750929052179
2013,Q2,market exposure,0.0247275698930025,0.0,1,0.4798582792282104
2013,Q2,premium increases,4.528327579578218e-08,0.0,1,0.0
2013,Q2,rate increases,0.05899437400879749,0.03255405405405405,74,0.06012103600161416
2013,Q2,reinsurance,0.11700385482164699,0.03801234567901234,162,0.12635824424417122
2013,Q2,stress testing,0.06144048135278505,0.13066666666666665,6,0.0
2013,Q2,underwriting losses,0.999858856201172,0.122,1,0.9719889760017396
2013,Q3,capital adequacy,1.4433295447702221e-08,0.0,2,0.0
2013,Q3,capital markets,0.0353113953072185,0.020799999999999978,5,0.0
2013,Q3,catastrophe,0.3213642889634653,0.20666326530612245,98,0.313259644705115
2013,Q3,climate change,0.00166466383961955,0.0755,2,0.0
2013,Q3,drought,0.3330460559330494,0.055,3,0.1636180579662323
2013,Q3,extreme weather,0.9994811018308004,0.05833333333333329,3,0.6255057056744894
2013,Q3,financial risk,0.0003774530778173,0.249,1,0.0
2013,Q3,flood,0.41809159897693826,0.03804761904761903,21,0.4043114411419836
2013,Q3,hurricane,0.46323747242058744,0.10724999999999998,4,0.2805987937109811
2013,Q3,loss ratios,0.1130468640570609,0.16474999999999998,12,0.14099325239658356
2013,Q3,premium increases,3.240714931962429e-07,0.0,1,0.0
2013,Q3,rate increases,0.1270540888705196,0.036107692307692306,65,0.09848772723909835
2013,Q3,reinsurance,0.09775411532454285,0.033299999999999996,130,0.06769120513674724
2013,Q3,underwriting losses,0.9817943572998048,0.095,1,0.951511800289154
2013,Q4,capital adequacy,2.4002249077170745e-08,0.0,1,0.0
2013,Q4,capital markets,0.12510961083724226,0.02025,8,0.012629049619038902
2013,Q4,catastrophe,0.25446414458574784,0.21595535714285713,112,0.26348597764968873
2013,Q4,claims reserves,0.0916721522808075,0.0,1,0.9358264803886414
2013,Q4,drought,0.4871551790188278,0.03,2,0.3237513303756714
2013,Q4,earthquake,0.27042835093844686,0.043666666666666666,9,0.06684300303459167
2013,Q4,flood,0.3621137440204621,0.184,1,0.537548828125
2013,Q4,hurricane,0.13368685488580817,0.08742857142857142,7,0.23041017850240073
2013,Q4,loss ratios,0.07807140988417546,0.16669230769230767,13,0.08743461221456528
2013,Q4,portfolio risk,1.1954635738220531e-05,0.08,1,0.0
2013,Q4,premium increases,0.00011243088920305874,0.0,2,0.0
2013,Q4,rate increases,0.059697331712391,0.03523880597014925,67,0.03210618251409286
2013,Q4,reinsurance,0.1341372124099905,0.0341560975609756,205,0.11116595892792204
2013,Q4,stress testing,5.984911695122719e-06,0.059,1,0.0
2013,Q4,underwriting losses,0.0001910472201416,0.1,1,0.0
2014,Q1,capital adequacy,1.8258624834288643e-08,0.0,1,0.0
2014,Q1,capital markets,0.09107683301921267,0.056545454545454545,11,0.0
2014,Q1,catastrophe,0.2872789087681439,0.2111958762886598,97,0.27943058297472095
2014,Q1,drought,0.9952341914176942,0.0,2,0.4566194415092468
2014,Q1,earthquake,0.141684158581003,0.05842857142857142,7,0.2195604145526886
2014,Q1,extreme weather,0.902114987373352,0.1315,2,0.3904065489768982
2014,Q1,flood,0.0003207279733032492,0.0,2,0.2814803719520569
2014,Q1,hurricane,0.8754345178604126,0.113,1,0.612725555896759
2014,Q1,loss ratios,0.18840613826610766,0.13328571428571429,21,0.244921875
2014,Q1,premium increases,0.08116373630275772,0.06,2,0.0
2014,Q1,rate increases,0.11242306949237588,0.051909090909090905,44,0.052984707209528706
2014,Q1,reinsurance,0.13348311673261373,0.04327,200,0.09130277281457727
2014,Q1,stress testing,7.6785869964624e-06,0.1525,2,0.0
2014,Q2,capital adequacy,1.8258624834288643e-08,0.0,1,0.0
2014,Q2,capital markets,7.019133496655173e-09,0.0555,2,0.02267174143344164
2014,Q2,catastrophe,0.2949091008857347,0.20311475409836066,122,0.29579963092692196
2014,Q2,drought,0.0087959999218583,0.0,1,0.0
2014,Q2,earthquake,0.16054900582643825,0.01846153846153846,13,0.12853488326072693
2014,Q2,flood,0.00021043832384745002,0.055,2,0.0
2014,Q2,hurricane,0.2659666835515395,0.0,4,0.22173350197928293
2014,Q2,insured losses,0.9995463490486144,0.4529999999999999,1,0.8706518411636353
2014,Q2,loss ratios,0.06836658400262756,0.1488,15,0.11129271984100342
2014,Q2,market volatility,0.00010204511090703805,0.0,3,0.0
2014,Q2,portfolio risk,2.076679993479047e-05,0.088,1,0.0
2014,Q2,premium increases,5.068770860816586e-07,0.0,1,0.0
2014,Q2,rate increases,0.11017426844339784,0.05236363636363636,55,0.023997951495020015
2014,Q2,reinsurance,0.14577941470796976,0.03855865921787709,179,0.08979534050997566
2014,Q2,risk modeling,2.968595617858228e-05,0.09,1,0.0
2014,Q2,underwriting losses,0.9999916553497314,0.083,1,0.9675936102867126
2014,Q3,capital adequacy,0.005226325967866409,0.0,2,0.0
2014,Q3,capital markets,0.003318299863309044,0.0,5,0.011788123016115985
2014,Q3,catastrophe,0.2638622634372408,0.2094040404040404,99,0.26086485130446296
2014,Q3,earthquake,0.0040852843108230485,0.0,3,0.23443818092346191
2014,Q3,flood,0.0005760133599323749,0.01475,4,0.0
2014,Q3,hurricane,0.5778805874525671,0.04242857142857143,7,0.1873181641101837
2014,Q3,loss ratios,0.2158724764281621,0.12863157894736843,19,0.18364807692441074
2014,Q3,premium increases,1.3555878197735184e-08,0.0,1,0.0
2014,Q3,rate increases,0.12347619841488312,0.052822222222222215,45,0.10882954955101014
2014,Q3,reinsurance,0.18178898452407208,0.03632075471698113,212,0.12652884401324996
2014,Q3,stress testing,4.220232199259044e-07,0.085,1,0.0
2014,Q3,underwriting losses,7.087855191656445e-09,0.083,1,0.0
2014,Q4,capital adequacy,7.615652179993049e-07,0.0,1,0.0
2014,Q4,capital markets,1.2735332625801732e-05,0.014599999999999998,5,0.0180738101300505
2014,Q4,catastrophe,0.23221549959066498,0.1963301886792453,106,0.29313596143378867
2014,Q4,earthquake,0.17065049688109857,0.0,6,0.13631193126950944
2014,Q4,extreme weather,1.987086307053687e-06,0.103,1,0.0
2014,Q4,flood,2.2423450900532774e-05,0.0,2,0.2982015013694763
2014,Q4,hurricane,0.7355402081834876,0.08874999999999997,4,0.38008826971054077
2014,Q4,loss ratios,0.13919514176098277,0.16028571428571428,14,0.14140977579004624
2014,Q4,premium increases,1.0271921646598514e-08,0.0,2,0.0
2014,Q4,rate increases,0.0892835854487669,0.049999999999999996,49,0.0458508977350199
2014,Q4,reinsurance,0.1260984726009185,0.03224423963133641,217,0.11223955408615224
2014,Q4,underwriting losses,0.9805981814861298,0.0875,2,0.8960188627243042
2015,FY,catastrophe,0.06871021838609673,0.19299999999999998,3,
2015,FY,extreme weather,0.9999998807907104,0.053,1,
2015,FY,reinsurance,0.007927761705762534,0.029714285714285714,7,
2015,Q1,capital adequacy,4.90759305193933e-07,0.0275,2,0.0
2015,Q1,capital markets,0.13824032852806584,0.02769230769230769,13,0.017800348321187126
2015,Q1,catastrophe,0.2801389809632696,0.2047872340425532,94,0.2500939932134416
2015,Q1,climate change,0.0001623148127691,0.046,1,0.0
2015,Q1,drought,0.4675835967063904,0.148,1,0.0
2015,Q1,earthquake,0.20615756102051816,0.04825,4,0.19314084053039554
2015,Q1,flood,1.0326175380770408e-05,0.043,2,0.0
2015,Q1,hurricane,0.0088358428329229,0.0,1,0.3471645414829254
2015,Q1,loss ratios,0.24813826354025792,0.1582727272727273,11,0.21227434965280387
2015,Q1,market volatility,2.846856659743935e-06,0.064,1,0.0
2015,Q1,portfolio risk,0.0002061319391941,0.13,1,0.8602612614631653
2015,Q1,premium increases,1.9728451761125143e-08,0.0,1,0.0
2015,Q1,rate increases,0.08374783558842756,0.02625,32,0.08754224606922695
2015,Q1,reinsurance,0.2041030785871141,0.036235023041474655,217,0.14031853535596062
2015,Q2,capital adequacy,7.615652179993049e-07,0.0,1,0.0
2015,Q2,capital markets,0.10109287452827372,0.08079999999999998,10,0.03010413898476239
2015,Q2,catastrophe,0.2790687319656373,0.18976829268292683,82,0.3019857132850691
2015,Q2,claims reserves,0.9999992847442628,0.08,1,0.9305776953697203
2015,Q2,earthquake,0.6871409043669701,0.0,4,0.12435640891393025
2015,Q2,flood,0.3266998319213598,0.047166666666666655,6,0.27210640055792673
2015,Q2,hurricane,0.3835595615285759,0.03666666666666667,3,0.09622372388839721
2015,Q2,loss ratios,0.18319421878118938,0.19516666666666663,12,0.11969595750172933
2015,Q2,market volatility,0.9958553910255432,0.0,1,0.5595353245735168
2015,Q2,premium increases,2.480037286645143e-09,0.0,2,0.0
2015,Q2,rate increases,0.15409357899272852,0.014935483870967738,31,0.08076246910625035
2015,Q2,reinsurance,0.2401821622282438,0.044041322314049586,242,0.18235645263359465
2015,Q2,underwriting losses,2.861830328271253e-09,0.122,1,0.0
2015,Q3,business interruption,0.6997014993935409,0.31224999999999997,4,0.5249637812376022
2015,Q3,capital adequacy,5.090729615631062e-06,0.0,2,0.0
2015,Q3,capital markets,0.25339162001239357,0.057874999999999996,8,0.0385651410894191
2015,Q3,catastrophe,0.3831842329348384,0.23313580246913582,81,0.3431348005930583
2015,Q3,climate change,0.1133778244256973,0.261,1,0.0
2015,Q3,drought,0.01779159525589156,0.0735,2,0.0
2015,Q3,earthquake,0.3126234598457813,0.0,2,0.6585790344646999
2015,Q3,flood,0.15949875280891015,0.04258333333333333,12,0.12199373245239258
2015,Q3,hurricane,0.20233907555296843,0.0318,5,0.20895114209916857
2015,Q3,loss ratios,0.10118230390603195,0.15044444444444444,9,0.06160178780555725
2015,Q3,market volatility,0.4747661495428354,0.050333333333333334,6,0.44986767570177716
2015,Q3,premium increases,5.2504871561609434e-09,0.0,2,0.0
2015,Q3,rate increases,0.1668010034602891,0.028999999999999998,29,0.10533454827964306
2015,Q3,reinsurance,0.14764830690314584,0.030674876847290637,203,0.1284457674296964
2015,Q3,underwriting losses,0.2804557706934525,0.09749999999999995,2,0.0
2015,Q3,wildfire,0.4100280374950671,0.0838,5,0.1904339075088501
2015,Q4,actuarial adjustments,0.00014508851745628822,0.0,2,0.0
2015,Q4,capital adequacy,3.922603148964754e-07,0.0,2,0.0
2015,Q4,capital markets,0.03313428905909176,0.04775,4,0.036783551558470115
2015,Q4,catastrophe,0.36409137487132875,0.20373076923076924,78,0.350985830671647
2015,Q4,earthquake,0.13355851014299935,0.013,3,0.0
2015,Q4,extreme weather,0.11240591069993872,0.0,3,0.2389920949935913
2015,Q4,financial exposure,0.03715430945158,0.0,1,0.0
2015,Q4,flood,0.9995854496955872,0.14,1,0.8348859250545502
2015,Q4,hurricane,0.004150280264487559,0.049999999999999996,3,0.1504241108894348
2015,Q4,loss ratios,0.13199593492915732,0.17784210526315788,19,0.13768343130747476
2015,Q4,market exposure,0.07930871052667494,0.1595,2,0.0
2015,Q4,market volatility,0.169564533129495,0.039999999999999994,14,0.0
2015,Q4,premium increases,0.00018264709361828196,0.050666666666666665,3,0.0
2015,Q4,rate increases,0.15270378164259937,0.02714814814814814,54,0.05948173790647272
2015,Q4,reinsurance,0.18447385681459638,0.03691176470588235,238,0.13780634511600842
2015,Q4,underwriting losses,0.46320453688031016,0.14200000000000002,2,0.0
2016,FY,carbon emissions,0.0006677367491647,0.0,1,
2016,FY,catastrophe,0.6126754796132445,0.13675,4,
2016,FY,climate change,0.42364336415886317,0.08189999999999997,20,
2016,FY,climate risk,0.3040370718099439,0.1285,2,
2016,FY,greenhouse gases,0.0040386253967881,0.084,1,
2016,FY,hurricane,0.2527023997018647,0.0,2,
2016,FY,reinsurance,0.24779862676213826,0.043750000000000004,24,
2016,FY,sea level rise,0.5008781592478043,0.1125,2,
2016,Q1,business interruption,5.120198693475686e-05,0.152,1,0.0
2016,Q1,capital adequacy,7.615652179993049e-07,0.0,1,0.0
2016,Q1,capital markets,0.2248567418438,0.043000000000000003,9,0.015277248717123462
2016,Q1,catastrophe,0.28803609851464446,0.21050442477876105,113,0.3174793543914954
2016,Q1,earthquake,0.48108839732450215,0.08966666666666664,15,0.22338386585837916
2016,Q1,extreme weather,0.9217641651630402,0.1055,2,0.4782571196556092
2016,Q1,flood,0.19110427562973686,0.071625,16,0.0704682375255384
2016,Q1,hurricane,0.41567526115816456,0.11077777777777777,9,0.12260595460732777
2016,Q1,insured losses,0.2533403038978577,0.36,1,0.0
2016,Q1,loss ratios,0.2118344725779288,0.18419999999999997,20,0.2185830733050471
2016,Q1,market volatility,0.11113566785372714,0.007249999999999987,8,0.144149549305439
2016,Q1,rate increases,0.0841450236433276,0.025135135135135135,37,0.07095581445938502
2016,Q1,reinsurance,0.17316742803723675,0.036106719367588934,253,0.1285091576233409
2016,Q1,underwriting losses,4.2197068950144974e-08,0.1369999999999999,1,0.0
2016,Q1,wildfire,0.49955843063071365,0.0635,2,0.0
2016,Q2,capital adequacy,0.005767065745273197,0.0206,5,0.0
2016,Q2,capital markets,4.948602523313639e-07,0.0,2,0.0
2016,Q2,catastrophe,0.34667892778575465,0.227976,125,0.33780594792828633
2016,Q2,earthquake,0.4059930739342234,0.0506,5,0.464294720441103
2016,Q2,flood,0.7380719580687582,0.0895,4,0.6685320258140564
2016,Q2,hurricane,0.11405036125529472,0.03288888888888889,9,0.13452480946268355
2016,Q2,loss ratios,0.26957853793971437,0.14119047619047617,21,0.19541668395201364
2016,Q2,market exposure,7.628421627714489e-08,0.0,1,0.0
2016,Q2,market volatility,0.007024691976772852,0.0854,5,0.0
2016,Q2,premium increases,0.0003517844015732,0.152,1,0.0
2016,Q2,rate increases,0.10775815813422392,0.0248095238095238,42,0.06018913699233014
2016,Q2,reinsurance,0.15795089684255229,0.02870535714285714,224,0.11844150130207656
2016,Q2,stress testing,0.19145090374354368,0.13,2,0.0
2016,Q2,underwriting losses,0.9984923601150512,0.2239999999999999,1,0.9356613159179688
2016,Q2,wildfire,0.4472754423356964,0.08995833333333332,24,0.38564037471204193
2016,Q3,business interruption,0.0722498744726181,0.171,1,0.0
2016,Q3,capital adequacy,3.8991192141679676e-07,0.0,2,0.0
2016,Q3,capital markets,7.8432603913825e-06,0.0,1,0.0
2016,Q3,catastrophe,0.3784313204275842,0.22455882352941173,102,0.34551575501388476
2016,Q3,earthquake,0.909524937470754,0.13566666666666666,3,0.6188937226931254
2016,Q3,flood,0.2595223145005371,0.05535999999999999,25,0.24039650708436966
2016,Q3,hurricane,0.38120628784548916,0.08677777777777777,36,0.2156352666206658
2016,Q3,loss ratios,0.26584934055018783,0.15936842105263158,19,0.18336795947768472
2016,Q3,market volatility,0.9999994039535522,0.1159999999999999,1,0.4839503169059754
2016,Q3,natural disasters,0.001138857579845138,0.12799999999999997,3,0.0
2016,Q3,rate increases,0.13081941142369985,0.037481481481481484,54,0.08571127562199608
2016,Q3,reinsurance,0.14803597487699868,0.044424390243902434,205,0.13574941979872213
2016,Q3,underwriting losses,0.35656768667162925,0.19466666666666668,3,0.8171935677528381
2016,Q3,wildfire,0.7202558144927025,0.17824999999999996,4,0.5921599765618643
2016,Q4,capital adequacy,4.029010538530997e-07,0.0,2,0.0
2016,Q4,catastrophe,0.3385049677643391,0.20481308411214952,107,0.3011032509906539
2016,Q4,drought,0.9991244673728944,0.0,1,0.32089653611183167
2016,Q4,earthquake,0.4719070027761063,0.12024999999999997,4,0.47713935604462254
2016,Q4,financial risk,0.999381422996521,0.286,1,0.0
2016,Q4,flood,0.5177173355848103,0.047999999999999994,6,0.16063136524624294
2016,Q4,hurricane,0.43572639117310136,0.07279487179487179,39,0.35296286531348725
2016,Q4,loss ratios,0.23272839017120558,0.16821052631578945,19,0.1813999354839325
2016,Q4,market exposure,0.94927579164505,0.107,1,0.643437385559082
2016,Q4,market volatility,0.22180105195300204,0.0182,5,0.295761239528656
2016,Q4,premium increases,1.0573959885462616e-07,0.0,2,0.0
2016,Q4,rate increases,0.08124853235006879,0.01966,50,0.0774361546392794
2016,Q4,reinsurance,0.1656142875341371,0.049433035714285714,224,0.1332469660350505
2016,Q4,risk assessment,1.5353949720520177e-06,0.073,1,0.0
2016,Q4,underwriting losses,0.880301296710968,0.13166666666666663,3,0.6117838621139526
2016,Q4,wildfire,0.4961916359983054,0.08383333333333332,6,0.3221471484969644
2017,FY,catastrophe,0.9251572489738464,0.596,1,
2017,FY,climate change,0.221821823890033,0.1535,14,
2017,FY,drought,0.996793568134308,0.149,1,
2017,FY,financial risk,0.9724722802639008,0.14399999999999996,2,
2017,FY,flood,0.4910082183778286,0.11599999999999999,2,
2017,FY,hurricane,0.9315223097801208,0.471,1,
2017,FY,reinsurance,0.0616124011576175,0.0,1,
2017,Q1,capital adequacy,7.615652179993049e-07,0.0,1,0.0
2017,Q1,capital markets,6.685189146082848e-05,0.0,1,0.0
2017,Q1,catastrophe,0.41688058667893785,0.23118965517241377,116,0.3174298827846845
2017,Q1,earthquake,0.0021086237393319,0.0,1,0.0
2017,Q1,flood,7.840746820870451e-05,0.0,2,0.0
2017,Q1,hurricane,2.9839735361747444e-05,0.123,1,0.18940453231334686
2017,Q1,loss ratios,0.16309700914235592,0.16581249999999997,16,0.1953464187681675
2017,Q1,market volatility,0.227746670669876,0.0514,5,0.2955345273017883
2017,Q1,premium increases,9.071213534550536e-06,0.0,2,0.0
2017,Q1,rate increases,0.1846335880623554,0.038235294117647055,34,0.07918072374243486
2017,Q1,reinsurance,0.17576630311988944,0.05444155844155843,154,0.14856206446886064
2017,Q1,stress testing,0.0010873993160203,0.049,1,0.0
2017,Q1,underwriting losses,0.999922513961792,0.151,1,0.8193557262420654
2017,Q1,wildfire,0.9996494054794312,0.15,1,0.7649754881858826
2017,Q2,capital adequacy,3.8991192141679676e-07,0.0,2,0.0
2017,Q2,capital markets,5.518590114661492e-06,0.0,1,0.0
2017,Q2,catastrophe,0.34084587125852944,0.23783448275862068,145,0.31747714948180494
2017,Q2,drought,0.9999399185180664,0.091,1,0.9351423978805542
2017,Q2,flood,0.023270193112125498,0.16549999999999998,2,0.11396459341049195
2017,Q2,hurricane,0.4142249581636861,0.06585714285714286,7,0.4154534816741943
2017,Q2,loss ratios,0.11140027244878534,0.1363076923076923,13,0.10274527966976166
2017,Q2,market exposure,0.7615704536437988,0.0,1,0.0
2017,Q2,natural disasters,0.3349522948265076,0.198,1,0.0
2017,Q2,premium increases,3.868134701434656e-09,0.0595,2,0.0
2017,Q2,rate increases,0.18044488660693625,0.03905882352941176,51,0.11483142883689315
2017,Q2,reinsurance,0.16127057147646984,0.04754088050314465,159,0.12622253596782684
2017,Q2,risk assessment,2.1491918232641183e-05,0.124,1,0.0
2017,Q2,underwriting losses,0.999601811170578,0.1319999999999999,2,0.4763149321079254
2017,Q2,wildfire,0.5416638036739008,0.10228571428571429,7,0.5148462761532177
2017,Q3,business interruption,0.48492069968488066,0.131,5,0.09837924350391734
2017,Q3,capital adequacy,7.615652179993049e-07,0.0,1,0.0
2017,Q3,capital markets,0.00033437905368788264,0.0,3,0.009402849020496491
2017,Q3,catastrophe,0.30068062393666706,0.19020344827586205,290,0.27274472868479444
2017,Q3,climate change,0.0002706939121708,0.074,1,0.0
2017,Q3,drought,0.33772416099964175,0.041,3,0.2873031497001648
2017,Q3,earthquake,0.464154113603513,0.060874999999999985,8,0.4455286730080843
2017,Q3,flood,0.4229126558204747,0.08603448275862068,29,0.17897161131813413
2017,Q3,hurricane,0.4339145904716045,0.08208910891089108,101,0.36740065392325905
2017,Q3,insured losses,0.2867866175034237,0.15774999999999997,4,0.5117399618029594
2017,Q3,loss ratios,0.2450240577732878,0.13625,12,0.22174958671842301
2017,Q3,natural disasters,0.4288586018762241,0.10099999999999999,3,0.0
2017,Q3,premium increases,9.076481788383717e-09,0.1265,2,0.0
2017,Q3,rate increases,0.11151691530304937,0.04774603174603174,63,0.060700504268918716
2017,Q3,reinsurance,0.1497228534766846,0.04286363636363636,286,0.0996631151235446
2017,Q3,underwriting losses,0.9996573726336161,0.08966666666666667,6,0.8486748576164246
2017,Q3,wildfire,0.3061590999316104,0.03460526315789473,38,0.10577465207488448
2017,Q4,capital adequacy,7.615652179993049e-07,0.0,1,0.0
2017,Q4,capital markets,0.009174950946379424,0.0054285714285714284,7,0.0
2017,Q4,catastrophe,0.32703207547260554,0.2026497461928934,197,0.3084394725578091
2017,Q4,claims reserves,2.051009317938224e-08,0.0559999999999999,1,0.9682719707489014
2017,Q4,drought,0.5001812450587749,0.011199999999999979,5,0.11282198429107666
2017,Q4,earthquake,0.33234193924181454,0.0,3,0.19855138233729772
2017,Q4,flood,0.005568553013946032,0.019363636363636364,11,0.05632472038269042
2017,Q4,hurricane,0.3181595380534496,0.061645161290322575,62,0.30824510000415684
2017,Q4,insured losses,0.5181507915258408,0.139,2,0.0
2017,Q4,loss ratios,0.16078294239071445,0.142125,32,0.15458831541678486
2017,Q4,market volatility,0.00565114323399025,0.108,2,0.0
2017,Q4,natural disasters,1.0364728808553993e-07,0.096,1,0.0
2017,Q4,premium increases,0.015050546912414607,0.0,3,0.0
2017,Q4,rate increases,0.11523247995401165,0.04555696202531645,79,0.06657831682715305
2017,Q4,reinsurance,0.12796723866752696,0.042720183486238524,218,0.134152685602506
2017,Q4,risk assessment,2.954034471258637e-06,0.061,1,0.0
2017,Q4,underwriting losses,0.785392463207245,0.04249999999999995,2,0.9121430516242981
2017,Q4,wildfire,0.487094295135823,0.057611111111111106,18,0.5372984397411347
2018,FY,catastrophe,0.6038060495629907,0.1015,4,
2018,FY,climate change,0.0436743795871734,0.0,1,
2018,FY,earthquake,0.0097194192931056,0.0,1,
2018,FY,flood,0.0005748206749558,0.0,1,
2018,FY,hurricane,0.4925387998518999,0.0595,2,
2018,FY,reinsurance,0.16456557911952885,0.0,8,
2018,Q1,capital adequacy,7.615652179993049e-07,0.0,1,0.0
2018,Q1,capital markets,0.043807219722882686,0.0,2,0.0
2018,Q1,catastrophe,0.3111394401738717,0.2153525179856115,139,0.23874113230869687
2018,Q1,earthquake,0.5590158056951943,0.0324,5,0.21003961563110352
2018,Q1,extreme weather,0.1596187949180603,0.0,1,0.0
2018,Q1,financial risk,0.0007014139555394,0.046,1,0.0
2018,Q1,flood,2.3175733998570536e-08,0.0,2,0.13897962868213654
2018,Q1,hurricane,0.3317451883779813,0.048952380952380956,21,0.14175185305731638
2018,Q1,insured losses,0.0680252760648727,0.157,1,0.5011571645736694
2018,Q1,loss ratios,0.13740399903681694,0.17006666666666664,15,0.1854754090309143
2018,Q1,market volatility,0.003232937025392938,0.0092,5,0.0
2018,Q1,rate increases,0.10188244020342996,0.025516666666666663,60,0.04490068338919377
2018,Q1,reinsurance,0.13119886696657915,0.03960335195530726,179,0.11794751049649768
2018,Q1,wildfire,0.1926192013857612,0.16514285714285712,7,0.08727013522928412
2018,Q2,actuarial adjustments,0.14858554495429252,0.0,2,0.4619678556919098
2018,Q2,capital adequacy,2.8997821033271972e-08,0.0,1,0.0
2018,Q2,capital markets,0.0339344516396522,0.0,1,0.012032310167948404
2018,Q2,catastrophe,0.25734990172693584,0.22033082706766915,133,0.25284641856948536
2018,Q2,drought,0.11085162379094982,0.13,2,0.2655463218688965
2018,Q2,earthquake,5.6456152378814295e-05,0.0,1,0.0
2018,Q2,flood,0.5002905453729909,0.102,2,0.19633781909942627
2018,Q2,hurricane,0.31743177439708103,0.053870967741935484,31,0.2187766283750534
2018,Q2,loss ratios,0.2356252870583965,0.15249999999999997,16,0.17148707719410167
2018,Q2,market volatility,0.467873788380416,0.0135,2,0.0
2018,Q2,premium increases,0.0024545871135286173,0.057,2,0.0
2018,Q2,rate increases,0.061322109337928275,0.03329508196721311,61,0.04053766053655873
2018,Q2,reinsurance,0.12147110748283961,0.049710982658959534,173,0.11139678861528234
2018,Q2,underwriting losses,0.9999946355819702,0.085,1,0.9717365503311156
2018,Q2,wildfire,0.5380507678809019,0.061714285714285715,7,0.357475620508194
2018,Q3,business interruption,0.113650806248188,0.434,1,0.0
2018,Q3,capital adequacy,2.864560428861296e-06,0.0,1,0.0
2018,Q3,capital markets,0.0015768845332786,0.0,1,0.012005775421857835
2018,Q3,catastrophe,0.2702105366634956,0.20619277108433737,166,0.25039521465867254
2018,Q3,earthquake,0.0001469425769755,0.0,1,0.32975897938013077
2018,Q3,extreme weather,1.6158703601831803e-06,0.0,1,0.0
2018,Q3,flood,0.000707966270523452,0.0425,2,0.3938538283109665
2018,Q3,hurricane,0.4811498967612389,0.07710666666666666,75,0.32556150504387915
2018,Q3,loss ratios,0.38155119009886124,0.1616,15,0.21204245941979544
2018,Q3,market volatility,0.15978468046241004,0.02457142857142857,7,0.06979646285374959
2018,Q3,natural disasters,0.33390081961917417,0.11566666666666665,3,0.0
2018,Q3,portfolio risk,2.440434036543593e-05,0.069,1,0.0
2018,Q3,premium increases,5.268904423871845e-09,0.114,1,0.0
2018,Q3,rate increases,0.12096591431345961,0.036222222222222225,63,0.05876226960748866
2018,Q3,reinsurance,0.15513003270847267,0.044347305389221554,167,0.1110274560989872
2018,Q3,risk assessment,0.0006083655753172,0.075,1,0.0
2018,Q3,underwriting losses,0.8387729972600937,0.09816666666666662,6,0.9031223910195487
2018,Q3,wildfire,0.30030815011627965,0.036875,8,0.23163761297861735
2018,Q4,capital adequacy,1.4669284098545174e-07,0.0,1,0.0
2018,Q4,capital markets,0.27371597983762236,0.066125,8,0.052978145466609436
2018,Q4,catastrophe,0.30110424015386505,0.20931155778894472,199,0.2463352511988746
2018,Q4,climate change,0.0021040323820973334,0.0,3,0.0
2018,Q4,earthquake,0.012837984828365677,0.0,4,0.23907084877674395
2018,Q4,flood,0.39246773219831865,0.022,7,0.17166715264320373
2018,Q4,hurricane,0.5411563890206538,0.07776744186046511,43,0.379767507314682
2018,Q4,loss ratios,0.1337453798717186,0.12028571428571429,14,0.14020471970240275
2018,Q4,market volatility,0.44301174136404226,0.057999999999999996,10,0.3856046199798584
2018,Q4,premium increases,8.050962563288522e-09,0.11,1,0.0
2018,Q4,rate increases,0.08820538146956963,0.03271666666666666,60,0.08562325101632338
2018,Q4,reinsurance,0.15602527481450768,0.04058189655172413,232,0.12744359900926974
2018,Q4,scenario analysis,0.0001278483105124,0.0,1,0.0
2018,Q4,stress testing,0.0042484975419938,0.113,1,0.0
2018,Q4,underwriting losses,0.9957733750343324,0.091,1,0.641869326432546
2018,Q4,wildfire,0.47774361350504124,0.09496774193548385,31,0.3113759986951318
2019,FY,catastrophe,0.3482588036567904,0.118,2,
2019,FY,earthquake,0.2794622778892517,0.085,1,
2019,FY,flood,0.9999321699142456,0.184,1,
2019,FY,hurricane,0.0001403954665875,0.0,1,
2019,FY,rate increases,0.06341910704941255,0.0,2,
2019,FY,reinsurance,0.24979517068993573,0.04725,4,
2019,Q1,capital adequacy,3.11055941892846e-07,0.0,1,0.0
2019,Q1,catastrophe,0.28920145962932964,0.20696799999999999,125,0.2499353407007275
2019,Q1,climate change,0.1116832265029785,0.0356,5,0.0
2019,Q1,earthquake,0.020410523363807394,0.0085,4,0.08987184365590413
2019,Q1,financial risk,0.9966428279876708,0.183,1,0.7778568267822266
2019,Q1,flood,0.20136543122422887,0.03282758620689655,29,0.14332598745822905
2019,Q1,hurricane,0.36511910590076885,0.056928571428571426,14,0.21420350313186645
2019,Q1,insured losses,0.002019468229264,0.19,1,0.0
2019,Q1,loss ratios,0.13730234607367262,0.1390833333333333,12,0.14268351976688093
2019,Q1,market volatility,6.96531188282279e-08,0.0,1,0.0
2019,Q1,portfolio risk,1.10849987322581e-06,0.16,1,0.0
2019,Q1,premium increases,4.531090169734853e-09,0.14,1,0.0
2019,Q1,rate increases,0.04371531367401415,0.02779411764705882,68,0.019001794012286997
2019,Q1,reinsurance,0.1697870986608943,0.04190909090909091,198,0.11440993063294567
2019,Q1,wildfire,0.4674008532157927,0.0615,8,0.1094500223795573
2019,Q2,actuarial adjustments,0.0001914199383463,0.0,1,0.6239396929740906
2019,Q2,capital adequacy,0.030474574772199465,0.0,2,0.0
2019,Q2,capital markets,0.20005119703182853,0.0196,5,0.008089072342160383
2019,Q2,catastrophe,0.318135881103538,0.21536885245901638,122,0.25431729379550433
2019,Q2,claims reserves,7.147223186620978e-06,0.0,1,0.0
2019,Q2,climate change,1.0673361749979904e-08,0.0,1,0.0
2019,Q2,drought,0.9243339598178864,0.0515,2,0.6938466668128968
2019,Q2,earthquake,0.49712529929820437,0.0,2,0.19329115152359008
2019,Q2,flood,0.44015985258990253,0.04139999999999998,5,0.490352729956309
2019,Q2,hurricane,0.232369444501176,0.02775,12,0.17446407556533813
2019,Q2,loss ratios,0.2046666519653197,0.09659999999999999,20,0.20652032287224478
2019,Q2,market volatility,0.0027703469890844614,0.036333333333333336,3,0.3097536563873291
2019,Q2,portfolio risk,8.837802489836122e-09,0.093,1,0.0
2019,Q2,premium increases,0.00044690161920458874,0.0258,5,0.0
2019,Q2,rate increases,0.0539336713683858,0.03828735632183908,87,0.021148324012756348
2019,Q2,reinsurance,0.13794516639835994,0.04177941176470588,204,0.09959403280891589
2019,Q2,risk modeling,2.0613972750993526e-09,0.071,1,0.0
2019,Q2,underwriting losses,0.49993441012338724,0.09649999999999995,2,0.4827382862567902
2019,Q2,wildfire,0.00014497948359346358,0.1005,2,0.14194295406341553
2019,Q3,capital adequacy,6.54840050628991e-07,0.0,1,0.0
2019,Q3,catastrophe,0.26983648132418303,0.20041044776119404,134,0.29053245906172126
2019,Q3,drought,0.2803809493780136,0.0,2,0.2871497869491577
2019,Q3,earthquake,0.04654639533951389,0.0,3,0.2886035740375519
2019,Q3,flood,0.33684495659545066,0.06520000000000001,10,0.3906744122505188
2019,Q3,hurricane,0.4925911277029671,0.07494444444444442,18,0.4890524101884742
2019,Q3,insured losses,0.0030201359186321,0.124,1,0.5994428992271423
2019,Q3,loss ratios,0.15301069578073417,0.18236842105263157,19,0.22062562157710394
2019,Q3,market volatility,5.151073789733117e-09,0.0,1,0.0
2019,Q3,natural disasters,0.9999819993972778,0.132,1,0.0
2019,Q3,premium increases,9.787545594484703e-05,0.065,3,0.0
2019,Q3,rate increases,0.039311352296591655,0.0342087912087912,91,0.0
2019,Q3,reinsurance,0.12311062520177259,0.044039548022598865,177,0.12015304994692497
2019,Q3,underwriting losses,0.5736313660939535,0.11533333333333333,3,0.7158386707305908
2019,Q3,wildfire,0.3968222313485315,0.08764705882352941,17,0.15639793643584618
2019,Q4,business interruption,0.6599504386928553,0.20083333333333334,6,0.39070343119757517
2019,Q4,capital adequacy,0.0003612601281304004,0.0,4,0.0
2019,Q4,capital markets,0.41952678051579256,0.08542857142857141,7,0.02102361426633947
2019,Q4,carbon footprint,0.0001618028327357,0.0,1,0.0
2019,Q4,catastrophe,0.23304781204736974,0.20875460122699388,163,0.20654150688579317
2019,Q4,climate change,4.9613468339278675e-05,0.0,3,0.0
2019,Q4,drought,0.6372215896844863,0.08449999999999995,2,0.7895646095275879
2019,Q4,earthquake,2.517533403079142e-06,0.0,1,0.0
2019,Q4,flood,0.4493067708681337,0.20049999999999996,2,0.2431772748629252
2019,Q4,hurricane,0.29181287959529345,0.03584615384615385,26,0.3192161238193512
2019,Q4,insured losses,0.0225127725861966,0.437,2,0.0
2019,Q4,loss ratios,0.17604552161375966,0.17137499999999997,24,0.1659429892897606
2019,Q4,market volatility,0.2862077963511922,0.075,2,0.4626139402389526
2019,Q4,natural disasters,0.9512516856193542,0.191,1,0.0
2019,Q4,rate increases,0.08654118327306246,0.03765811965811965,117,0.0553344555986606
2019,Q4,reinsurance,0.15574897550230302,0.04872444444444444,225,0.1151703494299349
2019,Q4,underwriting losses,0.9999996423721313,0.33699999999999997,2,0.8971402049064636
2019,Q4,wildfire,0.443162681767717,0.1158333333333333,6,0.4969959457715352
2020,FY,business interruption,0.3729728412096544,0.2285,6,
2020,FY,earthquake,0.1220559179782867,0.0,1,
2020,FY,hurricane,0.7939029633998871,0.0,2,
2020,Q1,business interruption,0.224165555080373,0.17621487603305785,121,0.1269131362438202
2020,Q1,capital adequacy,0.000824412707508743,0.0,3,0.0
2020,Q1,capital markets,0.2727199474702703,0.05590909090909091,11,0.02383724554085437
2020,Q1,catastrophe,0.24490809277822806,0.21752173913043477,115,0.24648624236189473
2020,Q1,claims reserves,0.0001473571610404,0.13,1,0.8435872793197632
2020,Q1,climate change,0.9964170455932616,0.217,1,0.9442667365074158
2020,Q1,disaster recovery,2.4355536879738796e-05,0.186,1,0.0
2020,Q1,earthquake,0.7966417102143168,0.09775,8,0.32918907964930816
2020,Q1,financial exposure,0.0015886181499809,0.0,1,0.0
2020,Q1,flood,0.2268959581851959,0.091,1,0.6244632999102274
2020,Q1,hurricane,0.4691912832807844,0.05139999999999999,20,0.1684759539716384
2020,Q1,loss ratios,0.11224123848508413,0.14353846153846153,13,0.09420309747968401
2020,Q1,market volatility,0.32777668149010164,0.021655172413793097,29,0.10560714453458786
2020,Q1,natural disasters,0.018915731459856,0.14,1,0.0
2020,Q1,policy cancellations,0.0025667232112027336,0.021,3,0.0
2020,Q1,portfolio risk,0.0024396085646003,0.1939999999999999,1,0.0
2020,Q1,premium increases,0.0075113698840141,0.144,1,0.0
2020,Q1,rate increases,0.13268463536672764,0.043644444444444444,45,0.038210180340981
2020,Q1,reinsurance,0.1088240179403213,0.050055555555555555,234,0.07645728180705498
2020,Q1,risk assessment,8.430045454588253e-06,0.087,1,0.0
2020,Q1,stress testing,0.20224654535570602,0.21339999999999995,10,0.0
2020,Q1,supply chain disruption,0.2368024289608001,0.107,1,0.0
2020,Q1,underwriting losses,2.0139303558153188e-08,0.124,1,0.0
2020,Q1,wildfire,0.19482433858982923,0.07742857142857143,7,0.32879459857940674
2020,Q2,business interruption,0.3234090668500088,0.18677551020408162,49,0.1631964609540742
2020,Q2,capital adequacy,3.598784985570091e-07,0.0,1,0.0
2020,Q2,capital markets,0.10000893834868449,0.0132,10,0.0064811494252453115
2020,Q2,carbon footprint,4.120101948501542e-06,0.0,1,0.0
2020,Q2,catastrophe,0.3227210190581699,0.22279432624113474,141,0.30093027188165766
2020,Q2,claims reserves,0.9300975799560548,0.171,1,0.970571756362915
2020,Q2,climate change,0.9904175400733948,0.061,1,0.0
2020,Q2,earthquake,0.20912424287816972,0.0444,5,0.38983695954084396
2020,Q2,flood,0.2675909655463329,0.142,2,0.5397311250368754
2020,Q2,hurricane,0.32233015168943285,0.047799999999999995,15,0.298171219371614
2020,Q2,insured losses,0.0002263989736093,0.213,1,0.0
2020,Q2,loss ratios,0.2567337765827816,0.11846153846153847,13,0.28703879515329994
2020,Q2,market exposure,0.9999998807907104,0.13,1,0.9302411675453186
2020,Q2,market volatility,0.46543502132947695,0.11539999999999999,5,0.3999671737353007
2020,Q2,policy cancellations,0.49995035706033786,0.078,2,0.3123748302459717
2020,Q2,rate increases,0.07369542836962628,0.03710989010989011,91,0.030780821442604064
2020,Q2,reinsurance,0.1480230929583667,0.04360804020100502,199,0.1113679285784413
2020,Q2,risk assessment,0.4998566908716384,0.0785,2,0.4609564542770386
2020,Q2,stress testing,6.635867066506763e-06,0.085,1,0.0
2020,Q2,underwriting losses,0.8130533814430236,0.16939999999999997,5,0.7567611336708069
2020,Q2,wildfire,0.4850098131573759,0.07075,4,0.13710570335388184
2020,Q3,business interruption,0.356065005288467,0.1563611111111111,36,0.23307236417745933
2020,Q3,capital adequacy,0.0009251905013911697,0.0,2,0.0
2020,Q3,capital markets,0.0006075100642521711,0.011000000000000001,6,0.01012080987294515
2020,Q3,catastrophe,0.35160163332842415,0.19282098765432099,162,0.2536543878641995
2020,Q3,climate change,0.3389140488385844,0.08133333333333333,3,0.15426217019557953
2020,Q3,earthquake,0.6465746061876416,0.1085,4,0.37982170780499774
2020,Q3,extreme weather,0.0142613891512155,0.099,1,0.0
2020,Q3,flood,6.042462700861506e-05,0.083,1,0.0
2020,Q3,hurricane,0.5061072308986668,0.051,24,0.4812444947336031
2020,Q3,insured losses,0.8409519195556641,0.063,1,0.8553870320320129
2020,Q3,loss ratios,0.15119161402868328,0.13330769230769232,13,0.11133968432744344
2020,Q3,market exposure,0.9998308420181274,0.196,1,0.0
2020,Q3,market volatility,0.40398815761873264,0.046,5,0.18425053358078
2020,Q3,natural disasters,8.372238369247499e-08,0.098,1,0.0
2020,Q3,policy cancellations,0.999941647052765,0.0405,2,0.9112979173660278
2020,Q3,premium increases,6.596902721867082e-07,0.0,1,0.0
2020,Q3,rate increases,0.06484324812990543,0.04006060606060606,99,0.038009325756090825
2020,Q3,reinsurance,0.12970482012492143,0.04577058823529411,170,0.14321967918578893
2020,Q3,underwriting losses,0.7168103866279125,0.14825,4,0.7932133277257284
2020,Q3,wildfire,0.38002331883982615,0.0778695652173913,23,0.42567284470019134
2020,Q4,business interruption,0.2018230717590629,0.17,24,0.1756144124886085
2020,Q4,capital markets,0.0003177038103859044,0.031166666666666665,6,0.0
2020,Q4,catastrophe,0.28532096383310995,0.20484297520661154,121,0.2517530834302306
2020,Q4,climate change,0.25573793314397336,0.05719999999999999,5,0.1815057396888733
2020,Q4,climate risk,0.0001424066576873,0.259,1,0.0
2020,Q4,drought,0.9537226557731628,0.0,1,0.0
2020,Q4,earthquake,0.3074619212148946,0.0535,4,0.3237002372741699
2020,Q4,economic losses,0.0108922841027379,0.181,1,0.0
2020,Q4,flood,0.4055645134455214,0.0,3,0.2829358180363973
2020,Q4,hurricane,0.6706527164531186,0.04,17,0.40812952472613406
2020,Q4,loss ratios,0.18073179708949147,0.10657142857142857,21,0.10052433490753174
2020,Q4,market volatility,0.24116254761065645,0.071375,8,0.23195667564868927
2020,Q4,rate increases,0.028580430857132723,0.03598795180722891,83,0.022125916017426386
2020,Q4,reinsurance,0.13329112685921798,0.035715,200,0.11405083606950939
2020,Q4,wildfire,0.25017247178706636,0.0695,8,0.08358169198036194
2021,FY,business interruption,0.0292536504566669,0.098,1,
2021,FY,carbon footprint,0.0008024188891510748,0.0,2,
2021,FY,catastrophe,0.0028197311330586,0.0,1,
2021,FY,climate change,0.2932010095276902,0.08657142857142856,7,
2021,FY,earthquake,0.0050912373699247,0.2739999999999999,1,
2021,FY,financial risk,0.2313016802072525,0.155,1,
2021,FY,flood,0.0025994968600571,0.0,1,
2021,FY,reinsurance,7.315435505006462e-05,0.0,1,
2021,FY,sustainability risks,4.1511182047315736e-08,0.109,1,
2021,Q1,business interruption,0.2710029130389983,0.1769375,16,0.19630875852372912
2021,Q1,capital markets,0.0007329938563074051,0.0,4,0.007906502638107691
2021,Q1,carbon emissions,2.8414126518327976e-06,0.083,1,0.0
2021,Q1,carbon footprint,6.810169139725987e-08,0.0,1,0.0
2021,Q1,catastrophe,0.31061967791026296,0.20531730769230766,104,0.2801440414392723
2021,Q1,climate change,0.46894189772513073,0.17474999999999996,4,0.38219404220581055
2021,Q1,earthquake,0.4163155464275194,0.011666666666666667,3,0.4298454225063324
2021,Q1,flood,0.15142139386079492,0.012333333333333333,3,0.0
2021,Q1,hurricane,0.8442400991916656,0.03325,4,0.242114394903183
2021,Q1,loss ratios,0.10328950831049837,0.152,16,0.1012889489531517
2021,Q1,market exposure,2.1075869938158576e-09,0.0,1,0.0
2021,Q1,market volatility,0.0008530077757313,0.1009999999999999,1,0.0
2021,Q1,natural disasters,0.09727698293451857,0.14499999999999996,4,0.0
2021,Q1,rate increases,0.14375377940075332,0.03184848484848484,99,0.054539674295569364
2021,Q1,reinsurance,0.16795309902413402,0.0372,160,0.13741845641303901
2021,Q1,scenario analysis,8.266646909760311e-05,0.0,1,0.0
2021,Q1,underwriting losses,0.9999891519546508,0.113,1,0.9659808874130248
2021,Q1,wildfire,0.5077245933935046,0.0415,2,0.1936915159225464
2021,Q2,business interruption,0.0108334527467377,0.21680000000000002,5,0.15897338589032492
2021,Q2,capital markets,0.0029242899115160823,0.0246,5,0.0
2021,Q2,carbon footprint,1.1849868997160229e-07,0.0,1,0.0
2021,Q2,catastrophe,0.3526353822111127,0.21201020408163262,98,0.285809495232322
2021,Q2,climate change,0.16720222233510637,0.03499999999999999,12,0.036237142980098724
2021,Q2,drought,0.3378666994613013,0.052,3,0.3192589084307353
2021,Q2,earthquake,0.08388944138570764,0.0,3,0.31970487038294476
2021,Q2,extreme weather,0.5379034280776978,0.06649999999999995,2,0.1449485719203949
2021,Q2,flood,0.3081478215085967,0.05522727272727272,22,0.10684640492711749
2021,Q2,hurricane,0.27440972608837905,0.023083333333333334,12,0.1600000113248825
2021,Q2,loss ratios,0.0879420900225058,0.1545238095238095,21,0.09880113872614774
2021,Q2,premium increases,0.013352640898204524,0.0,3,0.0
2021,Q2,rate increases,0.058507375847784725,0.035307692307692304,104,0.03365457030100243
2021,Q2,reinsurance,0.06728982338160396,0.04011111111111111,144,0.07299371697801224
2021,Q2,risk assessment,0.0323960036039352,0.103,1,0.0
2021,Q2,wildfire,0.006172233179919784,0.02233333333333333,9,0.0
2021,Q3,business interruption,0.0005795318866148,0.14,1,0.0
2021,Q3,capital adequacy,1.7333964933641255e-05,0.0,1,0.0
2021,Q3,capital markets,1.754880941007286e-06,0.0,1,0.0
2021,Q3,carbon emissions,0.0057730353437364,0.0,1,0.0
2021,Q3,catastrophe,0.3383581665142109,0.19079577464788733,142,0.2754091665540871
2021,Q3,climate adaptation,0.0002534874947741,0.071,1,0.0
2021,Q3,climate change,0.2633274715709236,0.03982352941176471,17,0.20277881026268005
2021,Q3,earthquake,0.48413729448020604,0.08499999999999996,4,0.11932928562164306
2021,Q3,flood,0.32612617160294016,0.0691875,16,0.28049750937971957
2021,Q3,hurricane,0.6084866266289203,0.06972727272727272,55,0.40918068673418856
2021,Q3,insured losses,0.4623274919576943,0.2,2,0.2375706732273102
2021,Q3,loss ratios,0.16619640709836647,0.19644444444444442,9,0.20703549895967757
2021,Q3,market volatility,0.0002734696900006,0.074,1,0.8843903541564941
2021,Q3,premium increases,2.807928556336492e-09,0.0,1,0.0
2021,Q3,rate increases,0.08801354180310259,0.040669565217391304,115,0.0737461309607436
2021,Q3,reinsurance,0.13178619511963838,0.0388473282442748,131,0.11465086808075776
2021,Q3,sea level rise,0.000132141780341,0.08,1,0.0
2021,Q3,supply chain disruption,0.7333758488297463,0.1648,5,0.35265592734018963
2021,Q3,underwriting losses,0.9999560117721558,0.228,1,0.9168445467948914
2021,Q3,wildfire,0.14172713313094693,0.05,9,0.170957350730896
2021,Q4,business interruption,0.9999015331268308,0.128,1,0.8597868084907532
2021,Q4,capital markets,0.05004855767074304,0.0,6,0.0
2021,Q4,carbon footprint,4.9141663112095566e-06,0.0,1,0.0
2021,Q4,catastrophe,0.22609682556714225,0.204825,120,0.23197063512918425
2021,Q4,climate change,0.33768874122761183,0.0641,10,0.0
2021,Q4,drought,0.9985637664794922,0.1255,2,0.9525417983531952
2021,Q4,extreme weather,1.7626676708459854e-05,0.0,1,0.0
2021,Q4,flood,0.3643733636312894,0.10914285714285712,7,0.3206706643104553
2021,Q4,hurricane,0.28618990745665734,0.09999999999999999,7,0.4642114109463162
2021,Q4,insured losses,2.397944740550884e-07,0.084,1,0.0
2021,Q4,loss ratios,0.08357073694986408,0.15399999999999997,21,0.10042478561401368
2021,Q4,natural disasters,3.3759386042220285e-07,0.255,1,0.0
2021,Q4,rate increases,0.08112791858120551,0.04030327868852459,122,0.034914019957993384
2021,Q4,reinsurance,0.11125840133869319,0.04535204081632653,196,0.08844307509641494
2021,Q4,risk assessment,0.029550243008998202,0.17049999999999996,2,0.0
2021,Q4,supply chain disruption,0.9818567484617233,0.1835,4,0.46342015266418457
2021,Q4,underwriting losses,3.5545144783100106e-05,0.079,1,0.0
2021,Q4,wildfire,0.49999644852493924,0.0,2,0.28038763999938965
2022,FY,capital markets,9.811311656449109e-07,0.0,1,
2022,FY,carbon footprint,0.0001870153937488,0.0,1,
2022,FY,catastrophe,0.5179634876549244,0.34700000000000003,2,
2022,FY,climate change,0.4028277638895815,0.041600000000000005,5,
2022,FY,climate risk,0.12765210066843427,0.145125,8,
2022,FY,financial risk,0.25322183378739277,0.147,3,
2022,FY,flood,0.0036889356561005,0.132,1,
2022,FY,hurricane,0.0003531129623297,0.054,1,
2022,FY,reinsurance,5.123579467181116e-05,0.0,1,
2022,FY,wildfire,0.7636806964874268,0.0,1,
2022,Q1,capital markets,3.2040322999193905e-07,0.0,5,0.0
2022,Q1,catastrophe,0.339887249752492,0.21939080459770113,87,0.2968443426820967
2022,Q1,climate adaptation,0.0001137615763582,0.0,1,0.0
2022,Q1,climate change,0.2756323797199229,0.0605,4,0.3791111707687378
2022,Q1,climate risk,0.000151145766722,0.102,1,0.0
2022,Q1,drought,0.7991101819440487,0.08759999999999997,5,0.496832811832428
2022,Q1,earthquake,0.3341620381688699,0.0345,4,0.13659656047821045
2022,Q1,economic losses,0.0105927381664514,0.215,1,0.9633491039276124
2022,Q1,extreme weather,0.0015005888417363,0.0,1,0.0
2022,Q1,financial exposure,3.826445026788861e-05,0.0,1,0.0
2022,Q1,flood,0.7497669510776176,0.07050000000000001,4,0.5101079278522067
2022,Q1,hurricane,0.29010401440293027,0.037714285714285714,7,0.1937005470196406
2022,Q1,insured losses,0.9566082954406738,0.107,1,0.3211163679758708
2022,Q1,loss ratios,0.1094716440616685,0.16674999999999998,12,0.155219989163535
2022,Q1,market volatility,0.18223616670588677,0.04554545454545455,11,0.1611426224311193
2022,Q1,natural disasters,0.9376574754714966,0.151,1,0.0
2022,Q1,portfolio risk,0.0024537134449929,0.096,1,0.0
2022,Q1,premium increases,0.00020004196305003583,0.018333333333333333,3,0.0
2022,Q1,rate increases,0.05862316611821551,0.030396226415094336,106,0.030236915818282535
2022,Q1,reinsurance,0.15688430273657916,0.05558450704225351,142,0.12700693155157156
2022,Q1,risk assessment,8.838169378577733e-06,0.146,1,0.0
2022,Q1,stress testing,6.093169304222101e-06,0.109,1,0.0
2022,Q1,supply chain disruption,0.5605463863078816,0.12,3,0.5816114991903304
2022,Q1,wildfire,0.4062118895981257,0.0,2,0.19209933280944824
2022,Q2,business interruption,0.2010128200054168,0.275,1,0.30824480454126996
2022,Q2,capital markets,0.5379850516761584,0.0,4,0.033963947516420616
2022,Q2,catastrophe,0.3143725988047131,0.19123076923076923,117,0.2949801801649992
2022,Q2,claims reserves,0.9992250204086304,0.2689999999999999,1,0.6315376162528992
2022,Q2,climate change,6.0354566812748096e-05,0.0,1,0.0
2022,Q2,drought,0.431155629755049,0.03957142857142858,7,0.31407271325588226
2022,Q2,earthquake,0.3318493664264679,0.0,1,0.0
2022,Q2,flood,0.4997701176271221,0.172,2,0.7046824395656586
2022,Q2,hurricane,0.1702330761462968,0.05855555555555555,9,0.07060345736416904
2022,Q2,loss ratios,0.0009507887740384975,0.12449999999999999,10,0.0
2022,Q2,market volatility,0.13377636979528323,0.0262,10,0.0885900855064392
2022,Q2,natural disasters,0.8158321380615234,0.156,1,0.6980507373809814
2022,Q2,portfolio risk,0.0061255870386958,0.149,1,0.0
2022,Q2,premium increases,0.0010011879201101475,0.042,2,0.0
2022,Q2,rate increases,0.10201494828319237,0.02900934579439252,107,0.03765156652246203
2022,Q2,reinsurance,0.17684838816080636,0.04808571428571428,140,0.145195126698162
2022,Q2,scenario analysis,2.550001045165117e-05,0.0,1,0.0
2022,Q2,stress testing,0.0043555786833167,0.149,1,0.0
2022,Q2,supply chain disruption,0.6707288079778664,0.13899999999999998,4,0.48351238667964935
2022,Q2,wildfire,0.48116240729776993,0.065,4,0.1623098850250244
2022,Q3,business interruption,0.333547735819593,0.1283333333333333,3,0.0
2022,Q3,capital adequacy,0.0001542141053504995,0.0,2,0.0
2022,Q3,capital markets,0.3749895916783949,0.05687499999999999,8,0.029353748227274695
2022,Q3,catastrophe,0.3408708482688031,0.19024375,160,0.33436127153435197
2022,Q3,climate change,0.36241091570506484,0.06266666666666666,6,0.11981119428362165
2022,Q3,drought,3.2851954046009275e-08,0.089,1,0.4767065793275833
2022,Q3,earthquake,0.004400901894162666,0.0,3,0.0
2022,Q3,flood,0.21799972186727243,0.04533333333333334,6,0.1679508368174235
2022,Q3,hurricane,0.4660342611892191,0.07139449541284403,109,0.30350910635157063
2022,Q3,insured losses,0.47669627564027905,0.14400000000000002,2,0.5189062158266703
2022,Q3,loss ratios,0.45402367636924207,0.19217647058823528,17,0.34313646429463435
2022,Q3,market volatility,0.4064682792900107,0.08625,8,0.44314069747924806
2022,Q3,portfolio risk,0.020078350510933266,0.15999999999999995,3,0.0
2022,Q3,premium increases,0.0074567992476204294,0.04325,4,0.0
2022,Q3,rate increases,0.09196585787588663,0.033484848484848485,99,0.06092632684892821
2022,Q3,reinsurance,0.13853138182792096,0.03349450549450549,273,0.10065180029948996
2022,Q3,supply chain disruption,0.51724405400455,0.16049999999999995,2,0.8827576438585917
2022,Q3,underwriting losses,0.0007646800368092,0.083,1,0.0
2022,Q4,business interruption,0.0048312502913177,0.3929999999999999,1,0.0
2022,Q4,capital adequacy,0.00023149409284471358,0.026500000000000003,4,0.0
2022,Q4,capital markets,0.39995623283353693,0.0251,10,0.028524355123971255
2022,Q4,catastrophe,0.2192474191865973,0.19256428571428572,140,0.21907882295645675
2022,Q4,claims reserves,0.3099383353158676,0.0,3,0.0
2022,Q4,climate change,0.4542531020059768,0.07744444444444444,9,0.0
2022,Q4,climate risk,0.0770227760076522,0.1119999999999999,1,0.0
2022,Q4,drought,0.8572387397289276,0.063,2,0.5450825572013855
2022,Q4,earthquake,0.47287740477541873,0.1421111111111111,9,0.18879392370581627
2022,Q4,flood,0.5005229534984513,0.09283333333333332,6,0.2921692232290904
2022,Q4,hurricane,0.29022738961292993,0.10495999999999998,25,0.3000676082937341
2022,Q4,loss ratios,0.24581760032714692,0.12926666666666667,15,0.08944072723388671
2022,Q4,market volatility,0.05141026299712559,0.0,4,0.2849345604578654
2022,Q4,premium increases,4.564973732357203e-09,0.183,1,0.0
2022,Q4,rate increases,0.05864873697356978,0.03165,120,0.029052929615411234
2022,Q4,reinsurance,0.13289397634835862,0.037252941176470586,340,0.0789154496866847
2022,Q4,risk assessment,1.7123658665241237e-05,0.051500000000000004,2,0.0
2022,Q4,supply chain disruption,0.9962565898895264,0.128,1,0.7832933664321899
2022,Q4,underwriting losses,0.4726399183273315,0.094,1,0.43616658449172974
2023,FY,carbon footprint,2.22033922909759e-05,0.0,1,
2023,FY,catastrophe,0.0026421539951115,0.352,1,
2023,FY,climate change,0.4994852218496817,0.0,2,
2023,FY,flood,0.0671802014112472,0.175,1,
2023,FY,hurricane,0.7473152112215757,0.113,4,
2023,FY,reinsurance,0.22364187997898988,0.0414,5,
2023,Q1,business interruption,0.9993755221366882,0.299,1,0.0
2023,Q1,capital markets,0.32265340365173206,0.0725,6,0.01725901530040958
2023,Q1,catastrophe,0.28558239155729176,0.20060902255639096,133,0.24291595323480292
2023,Q1,climate change,0.0777010527866271,0.054666666666666634,3,0.0
2023,Q1,drought,0.483253801214687,0.020499999999999977,4,0.14671014249324799
2023,Q1,earthquake,0.5189335381044942,0.0959,10,0.2737974334846843
2023,Q1,economic losses,0.9999996423721312,0.149,1,0.913860023021698
2023,Q1,extreme weather,4.817415901925415e-05,0.045,1,0.0
2023,Q1,financial risk,0.8584091663360596,0.165,1,0.6129600405693054
2023,Q1,flood,0.0010673405389145859,0.018666666666666634,3,0.2072063833475113
2023,Q1,hurricane,0.12843033771108572,0.042222222222222223,9,0.13292908171812692
2023,Q1,loss ratios,0.11865092692153412,0.14379999999999998,20,0.0699253569949757
2023,Q1,market exposure,0.1475815027952194,0.046,1,0.0
2023,Q1,market volatility,0.025900304682634222,0.043125,8,0.0
2023,Q1,natural disasters,0.489858865737915,0.122,1,0.0
2023,Q1,premium increases,0.33468456658495893,0.0,3,0.0
2023,Q1,rate increases,0.08974329645535319,0.02477272727272727,88,0.061324029853663496
2023,Q1,reinsurance,0.09946622602834733,0.038189999999999995,200,0.07756938204565882
2023,Q1,risk assessment,0.0020403559319674,0.11,1,0.0
2023,Q1,stress testing,0.2967166602611542,0.346,1,0.0
2023,Q1,wildfire,0.2183245737593649,0.0477142857142857,7,0.0890246033668518
2023,Q2,actuarial adjustments,0.17411846416022547,0.12116666666666666,6,0.15451781948407492
2023,Q2,business interruption,0.0076074781827628,0.241,1,0.0
2023,Q2,capital markets,2.3983309915820428e-06,0.0395,2,0.0
2023,Q2,catastrophe,0.29589970028056806,0.2258116883116883,154,0.26117661132575565
2023,Q2,climate change,0.8379790782928467,0.123,1,0.0
2023,Q2,drought,0.5043541477061808,0.02,2,0.42998793721199036
2023,Q2,earthquake,0.6520207211385918,0.041666666666666664,6,0.4540663849223744
2023,Q2,flood,0.5740038727366805,0.027166666666666662,6,0.3161337011390262
2023,Q2,hurricane,0.30647819480943095,0.024307692307692304,26,0.14972824400121515
2023,Q2,insured losses,0.5663260714888262,0.17300000000000001,3,0.9259894490242004
2023,Q2,loss ratios,0.19827807087540872,0.15139999999999998,25,0.17951527876513346
2023,Q2,market volatility,3.4955920824586435e-08,0.123,1,0.0
2023,Q2,portfolio risk,4.839609391638078e-05,0.174,1,0.0
2023,Q2,premium increases,4.370549442356264e-07,0.0,2,0.0
2023,Q2,rate increases,0.05662500745159951,0.02367469879518072,83,0.04257213332679834
2023,Q2,reinsurance,0.11326818002305813,0.036050251256281404,199,0.06521833104391893
2023,Q2,risk assessment,0.0001740535808494,0.149,1,0.0
2023,Q2,underwriting losses,0.0888189449906349,0.176,1,0.5312004685401917
2023,Q2,wildfire,0.33357364593101363,0.08633333333333333,3,0.2348858267068863
2023,Q3,capital adequacy,5.002318175684195e-06,0.07,1,0.0
2023,Q3,capital markets,0.34594657813431695,0.04566666666666663,3,0.03125616555572838
2023,Q3,catastrophe,0.3347981973349712,0.19593006993006992,143,0.2829579138597905
2023,Q3,climate change,0.16726033438511043,0.08133333333333333,6,0.0
2023,Q3,earthquake,0.42783150392023117,0.02375,4,0.20270492633183798
2023,Q3,flood,0.024320410126756856,0.02375,4,0.4758694427353995
2023,Q3,hurricane,0.5118421947147866,0.0725151515151515,33,0.3219934292868072
2023,Q3,loss ratios,0.06857525532482388,0.13599999999999998,13,0.0481282114982605
2023,Q3,premium increases,5.717886719658338e-09,0.0,2,0.0
2023,Q3,rate increases,0.05468310106320007,0.05236363636363636,88,0.032667893678584
2023,Q3,reinsurance,0.1191388438790697,0.04600803212851405,249,0.08429133127649109
2023,Q3,risk modeling,2.026222091444652e-06,0.104,1,0.0
2023,Q3,underwriting losses,0.9999982118606568,0.161,1,0.9284566044807434
2023,Q3,wildfire,0.7134981913844578,0.12699999999999997,7,0.5447008974022336
2023,Q4,business interruption,0.03387126819870895,0.1185,2,0.0
2023,Q4,capital adequacy,1.7461575225752313e-06,0.0,1,0.0
2023,Q4,capital markets,0.0001123863839893,0.0,1,0.010772708426700549
2023,Q4,catastrophe,0.18817113183730616,0.19755555555555554,117,0.2108629885291265
2023,Q4,climate change,0.2590558043448254,0.0775,4,0.1760476529598236
2023,Q4,drought,0.801167368888855,0.0,2,0.35699180761973065
2023,Q4,earthquake,0.0047754000627441935,0.028999999999999998,3,0.06415704318455287
2023,Q4,flood,0.0289383111521601,0.0,2,0.0
2023,Q4,hurricane,0.47314435914669234,0.05425,8,0.10137775769600502
2023,Q4,insured losses,3.6589110095519566e-05,0.171,1,0.0
2023,Q4,loss ratios,0.1494922127323484,0.1638181818181818,22,0.061521582305431366
2023,Q4,natural disasters,0.990604892373085,0.24575,4,0.38273395597934723
2023,Q4,premium increases,3.76359243769997e-09,0.0295,2,0.0
2023,Q4,rate increases,0.06191171170353306,0.058761194029850736,67,0.048048855035335986
2023,Q4,reinsurance,0.11130935248311491,0.03585849056603773,212,0.08045334940732912
2023,Q4,transition risk,7.727790034550708e-06,0.115,1,0.0
2023,Q4,wildfire,0.5107064354048638,0.07780000000000001,5,0.44169955594199045
2024,Q1,capital markets,3.0226647597997314e-05,0.011000000000000001,3,0.0
2024,Q1,catastrophe,0.2180171376014627,0.1983522727272727,88,0.21868585525675022
2024,Q1,claims reserves,0.0134909646585583,0.0,1,0.0
2024,Q1,drought,0.6567309719942122,0.03966666666666666,3,0.4268387754758199
2024,Q1,earthquake,0.15945895944664318,0.06533333333333331,6,0.3393414467573166
2024,Q1,flood,0.48823922002225517,0.07071428571428572,7,0.28476542234420776
2024,Q1,hurricane,0.3461567591054451,0.024333333333333318,6,0.1348053983279637
2024,Q1,loss ratios,0.05709036995083641,0.151,8,0.0
2024,Q1,market volatility,0.0065798945724964,0.0,1,0.0
2024,Q1,premium increases,0.004093136659685776,0.047,2,0.0
2024,Q1,rate increases,0.06291150476090558,0.0463,60,0.06444473652278676
2024,Q1,reinsurance,0.14573470232830193,0.046573684210526316,190,0.10236756316511146
2024,Q1,transition risk,7.727790034550708e-06,0.115,1,0.0
2024,Q1,underwriting losses,0.8213740587234497,0.071,1,0.0
2024,Q1,wildfire,0.16255294488437358,0.034600000000000006,10,0.127035786708196
2024,Q2,business interruption,0.3565181619266368,0.18414285714285716,7,0.0
2024,Q2,capital markets,0.49557478923634335,0.03375,4,0.006168034569970493
2024,Q2,catastrophe,0.24292157271860412,0.18170338983050846,118,0.21803227115061977
2024,Q2,climate adaptation,0.2052564788691598,0.0,2,0.0
2024,Q2,climate change,6.943178595975041e-05,0.0,1,0.0
2024,Q2,drought,0.2877165159951316,0.0,2,0.0
2024,Q2,earthquake,0.4399712723485815,0.059666666666666666,3,0.18311427533626556
2024,Q2,extreme weather,0.1628063197131268,0.0,2,0.0
2024,Q2,financial risk,3.192925257522461e-09,0.09,1,0.0
2024,Q2,flood,0.22934030708349876,0.023714285714285712,14,0.18108593282245455
2024,Q2,hurricane,0.26726800436324116,0.02488888888888888,27,0.12055257198057677
2024,Q2,insured losses,1.0987143639340502e-08,0.138,1,0.0
2024,Q2,loss ratios,0.1728764030633969,0.14,13,0.059561289846897125
2024,Q2,market volatility,0.00012298935888564047,0.0,2,0.1563457449277242
2024,Q2,natural disasters,8.285866351798178e-05,0.106,1,0.0
2024,Q2,premium increases,2.2491542850389123e-08,0.139,1,0.0
2024,Q2,rate increases,0.12359004921331886,0.06055737704918032,61,0.07059041279203751
2024,Q2,reinsurance,0.10335120892288872,0.03831333333333333,150,0.07481666002954755
2024,Q2,risk assessment,3.2592326988378777e-06,0.129,1,0.0
2024,Q2,underwriting losses,0.9473639130592346,0.113,1,0.9347378015518188
2024,Q2,wildfire,0.4135843698095414,0.05775,4,0.41745625436306
2024,Q3,capital adequacy,0.0172127317637205,0.0,1,0.6415828466415405
2024,Q3,capital markets,1.2341073052368756e-08,0.0,1,0.008224618296290552
2024,Q3,catastrophe,0.2704360794876954,0.1816909090909091,165,0.18400914768952165
2024,Q3,climate adaptation,1.857035022112541e-05,0.0,1,0.0
2024,Q3,climate change,0.002012677518479217,0.0,4,0.0
2024,Q3,earthquake,0.17486124832794303,0.1273333333333333,3,0.0
2024,Q3,flood,0.22360275233465166,0.015416666666666667,12,0.2051682189891213
2024,Q3,hurricane,0.4876442874629175,0.06439189189189189,74,0.3188874081923411
2024,Q3,insured losses,0.0416633673012256,0.13,1,0.6622891028722128
2024,Q3,loss ratios,0.048611999156402484,0.15876470588235292,17,0.12496354182561238
2024,Q3,natural disasters,0.9998912811279296,0.196,1,0.8885118961334229
2024,Q3,rate increases,0.12206269508986531,0.04171428571428571,63,0.09615263693472918
2024,Q3,reinsurance,0.12181306897466976,0.04459006211180124,161,0.0896931824584802
2024,Q3,wildfire,0.4996178310210553,0.09849999999999998,4,0.26456148283822195
2024,Q4,business interruption,0.0003570362168829,0.176,1,0.0
2024,Q4,capital markets,0.0005290155262658226,0.02,3,0.0
2024,Q4,catastrophe,0.20521857359448276,0.18246666666666667,45,0.193151236904992
2024,Q4,climate risk,0.8726478219032288,0.193,1,0.5679693222045898
2024,Q4,earthquake,0.3334006568402401,0.125,3,0.31003206968307495
2024,Q4,flood,0.0281587541103363,0.126,1,0.39790183305740356
2024,Q4,hurricane,0.3683731190106458,0.10764285714285712,14,0.4192598489197818
2024,Q4,insured losses,0.0192461144179105,0.1,1,0.0
2024,Q4,loss ratios,0.10329079697316629,0.1381176470588235,17,0.040163352208978986
2024,Q4,premium increases,0.1931194216012954,0.036,1,0.0
2024,Q4,rate increases,0.1593495793488782,0.03893103448275862,29,0.030362200736999512
2024,Q4,reinsurance,0.14960434494198693,0.08225263157894735,95,0.09478197087134634
2024,Q4,supply chain disruption,1.2922902747902754e-08,0.042,1,0.0
2024,Q4,wildfire,0.39748984247157076,0.0899,40,0.10462313656713448
